#
# There is insufficient memory for the Java Runtime Environment to continue.
# Native memory allocation (malloc) failed to allocate 32744 bytes. Error detail: Chunk::new
# Possible reasons:
#   The system is out of physical RAM or swap space
#   This process is running with CompressedOops enabled, and the Java Heap may be blocking the growth of the native heap
# Possible solutions:
#   Reduce memory load on the system
#   Increase physical memory or swap space
#   Check if swap backing store is full
#   Decrease Java heap size (-Xmx/-Xms)
#   Decrease number of Java threads
#   Decrease Java thread stack sizes (-Xss)
#   Set larger code cache with -XX:ReservedCodeCacheSize=
#   JVM is running with Unscaled Compressed Oops mode in which the Java heap is
#     placed in the first 4GB address space. The Java Heap base address is the
#     maximum limit for the native heap growth. Please use -XX:HeapBaseMinAddress
#     to set the Java Heap base and to place the Java Heap above 4GB virtual address.
# This output file may be truncated or incomplete.
#
#  Out of Memory Error (arena.cpp:168), pid=6540, tid=9512
#
# JRE version: OpenJDK Runtime Environment (21.0.8) (build 21.0.8+-14196175-b1038.72)
# Java VM: OpenJDK 64-Bit Server VM (21.0.8+-14196175-b1038.72, mixed mode, tiered, compressed oops, compressed class ptrs, g1 gc, windows-amd64)
# No core dump will be written. Minidumps are not enabled by default on client versions of Windows
#

---------------  S U M M A R Y ------------

Command Line: --add-opens=java.base/java.lang=ALL-UNNAMED --add-opens=java.base/java.lang.invoke=ALL-UNNAMED --add-opens=java.base/java.util=ALL-UNNAMED --add-opens=java.prefs/java.util.prefs=ALL-UNNAMED --add-exports=jdk.compiler/com.sun.tools.javac.api=ALL-UNNAMED --add-exports=jdk.compiler/com.sun.tools.javac.util=ALL-UNNAMED --add-opens=java.base/java.util=ALL-UNNAMED --add-opens=java.prefs/java.util.prefs=ALL-UNNAMED --add-opens=java.base/java.nio.charset=ALL-UNNAMED --add-opens=java.base/java.net=ALL-UNNAMED --add-opens=java.base/java.util.concurrent.atomic=ALL-UNNAMED --add-opens=java.xml/javax.xml.namespace=ALL-UNNAMED -Xmx2048m -Dfile.encoding=UTF-8 -Duser.country=US -Duser.language=en -Duser.variant -javaagent:C:\Users\sushe\.gradle\wrapper\dists\gradle-8.13-bin\5xuhj0ry160q40clulazy9h7d\gradle-8.13\lib\agents\gradle-instrumentation-agent-8.13.jar org.gradle.launcher.daemon.bootstrap.GradleDaemon 8.13

Host: 11th Gen Intel(R) Core(TM) i5-11300H @ 3.10GHz, 8 cores, 15G,  Windows 11 , 64 bit Build 26100 (10.0.26100.8521)
Time: Thu Jun 25 17:54:12 2026 India Standard Time elapsed time: 284.203273 seconds (0d 0h 4m 44s)

---------------  T H R E A D  ---------------

Current thread (0x00000225e2bd85e0):  JavaThread "C2 CompilerThread1" daemon [_thread_in_native, id=9512, stack(0x000000ad89d00000,0x000000ad89e00000) (1024K)]


Current CompileTask:
C2:284203 30671   !   4       java.util.concurrent.ConcurrentHashMap::compute (654 bytes)

Stack: [0x000000ad89d00000,0x000000ad89e00000]
Native frames: (J=compiled Java code, j=interpreted, Vv=VM code, C=native code)
V  [jvm.dll+0x6d68d9]
V  [jvm.dll+0x866693]
V  [jvm.dll+0x868c4e]
V  [jvm.dll+0x869333]
V  [jvm.dll+0x280566]
V  [jvm.dll+0xc07cd]
V  [jvm.dll+0xc0d03]
V  [jvm.dll+0x3bf1dc]
V  [jvm.dll+0x3be7b1]
V  [jvm.dll+0x3be7f4]
V  [jvm.dll+0x5dfac6]
V  [jvm.dll+0x5e0272]
V  [jvm.dll+0x385536]
V  [jvm.dll+0x38497a]
V  [jvm.dll+0x249252]
V  [jvm.dll+0x248821]
V  [jvm.dll+0x1c73a4]
V  [jvm.dll+0x257f9e]
V  [jvm.dll+0x2564e6]
V  [jvm.dll+0x3f4696]
V  [jvm.dll+0x80eac8]
V  [jvm.dll+0x6d512d]
C  [ucrtbase.dll+0x2cd30]
C  [KERNEL32.DLL+0x2e957]
C  [ntdll.dll+0x87c1c]


---------------  P R O C E S S  ---------------

Threads class SMR info:
_java_thread_list=0x00000225d5c49c00, length=77, elements={
0x00000225b6ee1510, 0x00000225ce6bb5d0, 0x00000225ce6dff30, 0x00000225ce6f5b30,
0x00000225ce701790, 0x00000225ce713740, 0x00000225ce714d10, 0x00000225ce7162e0,
0x00000225ce71a000, 0x00000225ce71eb10, 0x00000225d3029430, 0x00000225d4854030,
0x00000225d49055e0, 0x00000225d4ab5750, 0x00000225d4a4f8a0, 0x00000225d4a51970,
0x00000225d4a50c50, 0x00000225d5b06980, 0x00000225d5b076a0, 0x00000225d5b04220,
0x00000225d5b07d30, 0x00000225d5b083c0, 0x00000225d5b08a50, 0x00000225d90f02c0,
0x00000225d90f1d00, 0x00000225d90f3740, 0x00000225d90f2a20, 0x00000225d90f4460,
0x00000225d5f93140, 0x00000225d94843d0, 0x00000225e1d95ce0, 0x00000225e1d94930,
0x00000225e1434320, 0x00000225e1436a80, 0x00000225e17df2c0, 0x00000225e17dec30,
0x00000225e17dd880, 0x00000225e17dc4d0, 0x00000225e1d9bf50, 0x00000225e22c8900,
0x00000225e22d1ff0, 0x00000225eb36d4f0, 0x00000225e150b050, 0x00000225db1e1eb0,
0x00000225d9484a60, 0x00000225d9485780, 0x00000225d9483020, 0x00000225d9482300,
0x00000225d9486b30, 0x00000225d94836b0, 0x00000225d9485e10, 0x00000225d94871c0,
0x00000225d9483d40, 0x00000225d9487850, 0x00000225d9487ee0, 0x00000225d9488c00,
0x00000225d9488570, 0x00000225eb36c7d0, 0x00000225eb371000, 0x00000225e2bd85e0,
0x00000225eb36db80, 0x00000225eb374480, 0x00000225eb3730d0, 0x00000225eb373df0,
0x00000225eb374b10, 0x00000225eb372a40, 0x00000225eb371690, 0x00000225eb3751a0,
0x00000225eb373760, 0x00000225eb371d20, 0x00000225eb375830, 0x00000225eb3723b0,
0x00000225eb3799d0, 0x00000225eb377270, 0x00000225eb378cb0, 0x00000225eb377900,
0x00000225eb377f90
}

Java Threads: ( => current thread )
  0x00000225b6ee1510 JavaThread "main"                              [_thread_blocked, id=18512, stack(0x000000ad86e00000,0x000000ad86f00000) (1024K)]
  0x00000225ce6bb5d0 JavaThread "Common-Cleaner"             daemon [_thread_blocked, id=22592, stack(0x000000ad87600000,0x000000ad87700000) (1024K)]
  0x00000225ce6dff30 JavaThread "Reference Handler"          daemon [_thread_blocked, id=11064, stack(0x000000ad87700000,0x000000ad87800000) (1024K)]
  0x00000225ce6f5b30 JavaThread "Finalizer"                  daemon [_thread_blocked, id=28608, stack(0x000000ad87800000,0x000000ad87900000) (1024K)]
  0x00000225ce701790 JavaThread "Signal Dispatcher"          daemon [_thread_blocked, id=15732, stack(0x000000ad87900000,0x000000ad87a00000) (1024K)]
  0x00000225ce713740 JavaThread "Attach Listener"            daemon [_thread_blocked, id=3332, stack(0x000000ad87a00000,0x000000ad87b00000) (1024K)]
  0x00000225ce714d10 JavaThread "Service Thread"             daemon [_thread_blocked, id=26980, stack(0x000000ad87b00000,0x000000ad87c00000) (1024K)]
  0x00000225ce7162e0 JavaThread "Monitor Deflation Thread"   daemon [_thread_blocked, id=15492, stack(0x000000ad87c00000,0x000000ad87d00000) (1024K)]
  0x00000225ce71a000 JavaThread "C2 CompilerThread0"         daemon [_thread_in_native, id=11836, stack(0x000000ad87d00000,0x000000ad87e00000) (1024K)]
  0x00000225ce71eb10 JavaThread "C1 CompilerThread0"         daemon [_thread_blocked, id=10580, stack(0x000000ad87e00000,0x000000ad87f00000) (1024K)]
  0x00000225d3029430 JavaThread "Notification Thread"        daemon [_thread_blocked, id=15380, stack(0x000000ad87f00000,0x000000ad88000000) (1024K)]
  0x00000225d4854030 JavaThread "Daemon health stats"               [_thread_blocked, id=6352, stack(0x000000ad88700000,0x000000ad88800000) (1024K)]
  0x00000225d49055e0 JavaThread "Incoming local TCP Connector on port 62859"        [_thread_in_native, id=17192, stack(0x000000ad88a00000,0x000000ad88b00000) (1024K)]
  0x00000225d4ab5750 JavaThread "Daemon periodic checks"            [_thread_blocked, id=18916, stack(0x000000ad88b00000,0x000000ad88c00000) (1024K)]
  0x00000225d4a4f8a0 JavaThread "Cache worker for journal cache (C:\Users\sushe\.gradle\caches\journal-1)"        [_thread_in_native, id=12300, stack(0x000000ad89400000,0x000000ad89500000) (1024K)]
  0x00000225d4a51970 JavaThread "File lock request listener"        [_thread_in_native, id=5944, stack(0x000000ad89500000,0x000000ad89600000) (1024K)]
  0x00000225d4a50c50 JavaThread "Cache worker for file hash cache (C:\Users\sushe\.gradle\caches\8.13\fileHashes)"        [_thread_blocked, id=22104, stack(0x000000ad89600000,0x000000ad89700000) (1024K)]
  0x00000225d5b06980 JavaThread "File watcher server"        daemon [_thread_in_native, id=12116, stack(0x000000ad89900000,0x000000ad89a00000) (1024K)]
  0x00000225d5b076a0 JavaThread "File watcher consumer"      daemon [_thread_blocked, id=18580, stack(0x000000ad89a00000,0x000000ad89b00000) (1024K)]
  0x00000225d5b04220 JavaThread "jar transforms"                    [_thread_blocked, id=25956, stack(0x000000ad89b00000,0x000000ad89c00000) (1024K)]
  0x00000225d5b07d30 JavaThread "jar transforms Thread 2"           [_thread_blocked, id=21728, stack(0x000000ad89c00000,0x000000ad89d00000) (1024K)]
  0x00000225d5b083c0 JavaThread "Cache worker for file content cache (C:\Users\sushe\.gradle\caches\8.13\fileContent)"        [_thread_blocked, id=24776, stack(0x000000ad89e00000,0x000000ad89f00000) (1024K)]
  0x00000225d5b08a50 JavaThread "jar transforms Thread 3"           [_thread_blocked, id=6796, stack(0x000000ad89f00000,0x000000ad8a000000) (1024K)]
  0x00000225d90f02c0 JavaThread "jar transforms Thread 4"           [_thread_blocked, id=23480, stack(0x000000ad8ac00000,0x000000ad8ad00000) (1024K)]
  0x00000225d90f1d00 JavaThread "jar transforms Thread 5"           [_thread_blocked, id=16492, stack(0x000000ad8ad00000,0x000000ad8ae00000) (1024K)]
  0x00000225d90f3740 JavaThread "jar transforms Thread 6"           [_thread_blocked, id=9648, stack(0x000000ad8b300000,0x000000ad8b400000) (1024K)]
  0x00000225d90f2a20 JavaThread "jar transforms Thread 7"           [_thread_blocked, id=16392, stack(0x000000ad8b400000,0x000000ad8b500000) (1024K)]
  0x00000225d90f4460 JavaThread "jar transforms Thread 8"           [_thread_blocked, id=3680, stack(0x000000ad8b500000,0x000000ad8b600000) (1024K)]
  0x00000225d5f93140 JavaThread "Memory manager"                    [_thread_blocked, id=6036, stack(0x000000ad8d600000,0x000000ad8d700000) (1024K)]
  0x00000225d94843d0 JavaThread "pool-3-thread-1"                   [_thread_blocked, id=21676, stack(0x000000ad8da00000,0x000000ad8db00000) (1024K)]
  0x00000225e1d95ce0 JavaThread "Periodic tasks thread"      daemon [_thread_blocked, id=13196, stack(0x000000ad90700000,0x000000ad90800000) (1024K)]
  0x00000225e1d94930 JavaThread "ApplicationImpl pooled thread 1" daemon [_thread_blocked, id=5784, stack(0x000000ad90800000,0x000000ad90900000) (1024K)]
  0x00000225e1434320 JavaThread "Java2D Disposer"            daemon [_thread_blocked, id=15992, stack(0x000000ad90900000,0x000000ad90a00000) (1024K)]
  0x00000225e1436a80 JavaThread "AWT-Windows"                daemon [_thread_in_native, id=21296, stack(0x000000ad90b00000,0x000000ad90c00000) (1024K)]
  0x00000225e17df2c0 JavaThread "RMI Scheduler(0)"           daemon [_thread_blocked, id=19860, stack(0x000000ad90c00000,0x000000ad90d00000) (1024K)]
  0x00000225e17dec30 JavaThread "RMI GC Daemon"              daemon [_thread_blocked, id=20956, stack(0x000000ad90f00000,0x000000ad91000000) (1024K)]
  0x00000225e17dd880 JavaThread "RMI TCP Accept-0"           daemon [_thread_in_native, id=3400, stack(0x000000ad91000000,0x000000ad91100000) (1024K)]
  0x00000225e17dc4d0 JavaThread "RMI Reaper"                        [_thread_blocked, id=27952, stack(0x000000ad91100000,0x000000ad91200000) (1024K)]
  0x00000225e1d9bf50 JavaThread "pool-7-thread-1"                   [_thread_blocked, id=1548, stack(0x000000ad8c800000,0x000000ad8c900000) (1024K)]
  0x00000225e22c8900 JavaThread "ForkJoinPool.commonPool-worker-6" daemon [_thread_blocked, id=17612, stack(0x000000ad8fc00000,0x000000ad8fd00000) (1024K)]
  0x00000225e22d1ff0 JavaThread "Cache worker for Java compile cache (C:\Users\sushe\.gradle\caches\8.13\javaCompile)"        [_thread_blocked, id=22696, stack(0x000000ad8fb00000,0x000000ad8fc00000) (1024K)]
  0x00000225eb36d4f0 JavaThread "pool-11-thread-1"                  [_thread_blocked, id=25580, stack(0x000000ad8c700000,0x000000ad8c800000) (1024K)]
  0x00000225e150b050 JavaThread "ForkJoinPool.commonPool-worker-12" daemon [_thread_blocked, id=8628, stack(0x000000ad8f900000,0x000000ad8fa00000) (1024K)]
  0x00000225db1e1eb0 JavaThread "RMI TCP Connection(idle)"   daemon [_thread_blocked, id=24632, stack(0x000000ad90d00000,0x000000ad90e00000) (1024K)]
  0x00000225d9484a60 JavaThread "ForkJoinPool.commonPool-worker-13" daemon [_thread_blocked, id=1720, stack(0x000000ad90a00000,0x000000ad90b00000) (1024K)]
  0x00000225d9485780 JavaThread "ForkJoinPool.commonPool-worker-14" daemon [_thread_blocked, id=18164, stack(0x000000ad91f00000,0x000000ad92000000) (1024K)]
  0x00000225d9483020 JavaThread "ForkJoinPool.commonPool-worker-15" daemon [_thread_blocked, id=20444, stack(0x000000ad92000000,0x000000ad92100000) (1024K)]
  0x00000225d9482300 JavaThread "Daemon Thread 3"                   [_thread_blocked, id=24696, stack(0x000000ad86b00000,0x000000ad86c00000) (1024K)]
  0x00000225d9486b30 JavaThread "Handler for socket connection from /127.0.0.1:62859 to /127.0.0.1:49849"        [_thread_in_native, id=16548, stack(0x000000ad88000000,0x000000ad88100000) (1024K)]
  0x00000225d94836b0 JavaThread "Cancel handler"                    [_thread_blocked, id=9856, stack(0x000000ad88100000,0x000000ad88200000) (1024K)]
  0x00000225d9485e10 JavaThread "Daemon worker Thread 3"            [_thread_in_Java, id=8160, stack(0x000000ad88c00000,0x000000ad88d00000) (1024K)]
  0x00000225d94871c0 JavaThread "Asynchronous log dispatcher for DefaultDaemonConnection: socket connection from /127.0.0.1:62859 to /127.0.0.1:49849"        [_thread_blocked, id=5532, stack(0x000000ad88d00000,0x000000ad88e00000) (1024K)]
  0x00000225d9483d40 JavaThread "Stdin handler"                     [_thread_blocked, id=27024, stack(0x000000ad88e00000,0x000000ad88f00000) (1024K)]
  0x00000225d9487850 JavaThread "Daemon client event forwarder"        [_thread_blocked, id=9172, stack(0x000000ad88f00000,0x000000ad89000000) (1024K)]
  0x00000225d9487ee0 JavaThread "Cache worker for file hash cache (D:\GithubRepo\Bill_Gernator\.gradle\8.13\fileHashes)"        [_thread_blocked, id=20076, stack(0x000000ad89000000,0x000000ad89100000) (1024K)]
  0x00000225d9488c00 JavaThread "Cache worker for Build Output Cleanup Cache (D:\GithubRepo\Bill_Gernator\.gradle\buildOutputCleanup)"        [_thread_blocked, id=20404, stack(0x000000ad89100000,0x000000ad89200000) (1024K)]
  0x00000225d9488570 JavaThread "Cache worker for checksums cache (D:\GithubRepo\Bill_Gernator\.gradle\8.13\checksums)"        [_thread_blocked, id=25904, stack(0x000000ad89200000,0x000000ad89300000) (1024K)]
  0x00000225eb36c7d0 JavaThread "Cache worker for cache directory md-supplier (C:\Users\sushe\.gradle\caches\8.13\md-supplier)"        [_thread_blocked, id=26896, stack(0x000000ad89700000,0x000000ad89800000) (1024K)]
  0x00000225eb371000 JavaThread "Cache worker for cache directory md-rule (C:\Users\sushe\.gradle\caches\8.13\md-rule)"        [_thread_blocked, id=13356, stack(0x000000ad89800000,0x000000ad89900000) (1024K)]
=>0x00000225e2bd85e0 JavaThread "C2 CompilerThread1"         daemon [_thread_in_native, id=9512, stack(0x000000ad89d00000,0x000000ad89e00000) (1024K)]
  0x00000225eb36db80 JavaThread "Unconstrained build operations"        [_thread_blocked, id=26228, stack(0x000000ad8a000000,0x000000ad8a100000) (1024K)]
  0x00000225eb374480 JavaThread "Unconstrained build operations Thread 2"        [_thread_blocked, id=26916, stack(0x000000ad8a100000,0x000000ad8a200000) (1024K)]
  0x00000225eb3730d0 JavaThread "Unconstrained build operations Thread 3"        [_thread_blocked, id=14836, stack(0x000000ad8a200000,0x000000ad8a300000) (1024K)]
  0x00000225eb373df0 JavaThread "Unconstrained build operations Thread 4"        [_thread_blocked, id=5112, stack(0x000000ad8a300000,0x000000ad8a400000) (1024K)]
  0x00000225eb374b10 JavaThread "Unconstrained build operations Thread 5"        [_thread_blocked, id=22988, stack(0x000000ad8a400000,0x000000ad8a500000) (1024K)]
  0x00000225eb372a40 JavaThread "Unconstrained build operations Thread 6"        [_thread_blocked, id=18508, stack(0x000000ad8a500000,0x000000ad8a600000) (1024K)]
  0x00000225eb371690 JavaThread "Unconstrained build operations Thread 7"        [_thread_blocked, id=14800, stack(0x000000ad8a600000,0x000000ad8a700000) (1024K)]
  0x00000225eb3751a0 JavaThread "Unconstrained build operations Thread 8"        [_thread_blocked, id=26376, stack(0x000000ad8a700000,0x000000ad8a800000) (1024K)]
  0x00000225eb373760 JavaThread "Unconstrained build operations Thread 9"        [_thread_blocked, id=22144, stack(0x000000ad8a800000,0x000000ad8a900000) (1024K)]
  0x00000225eb371d20 JavaThread "Unconstrained build operations Thread 10"        [_thread_blocked, id=356, stack(0x000000ad8a900000,0x000000ad8aa00000) (1024K)]
  0x00000225eb375830 JavaThread "Unconstrained build operations Thread 11"        [_thread_blocked, id=17752, stack(0x000000ad8aa00000,0x000000ad8ab00000) (1024K)] _threads_hazard_ptr=0x00000225d5c49c00
  0x00000225eb3723b0 JavaThread "Unconstrained build operations Thread 12"        [_thread_blocked, id=23652, stack(0x000000ad8ab00000,0x000000ad8ac00000) (1024K)]
  0x00000225eb3799d0 JavaThread "Unconstrained build operations Thread 13"        [_thread_blocked, id=12544, stack(0x000000ad8ae00000,0x000000ad8af00000) (1024K)]
  0x00000225eb377270 JavaThread "Unconstrained build operations Thread 14"        [_thread_in_native, id=13044, stack(0x000000ad8af00000,0x000000ad8b000000) (1024K)]
  0x00000225eb378cb0 JavaThread "Unconstrained build operations Thread 15"        [_thread_blocked, id=10316, stack(0x000000ad8b000000,0x000000ad8b100000) (1024K)]
  0x00000225eb377900 JavaThread "Unconstrained build operations Thread 16"        [_thread_blocked, id=23800, stack(0x000000ad8b100000,0x000000ad8b200000) (1024K)]
  0x00000225eb377f90 JavaThread "Unconstrained build operations Thread 17"        [_thread_blocked, id=8772, stack(0x000000ad8b200000,0x000000ad8b300000) (1024K)]
Total: 77

Other Threads:
  0x00000225ce5bf510 VMThread "VM Thread"                           [id=19812, stack(0x000000ad87500000,0x000000ad87600000) (1024K)]
  0x00000225ce6611f0 WatcherThread "VM Periodic Task Thread"        [id=25368, stack(0x000000ad87400000,0x000000ad87500000) (1024K)]
  0x00000225b4d1e060 WorkerThread "GC Thread#0"                     [id=8184, stack(0x000000ad86f00000,0x000000ad87000000) (1024K)]
  0x00000225d3538ef0 WorkerThread "GC Thread#1"                     [id=26700, stack(0x000000ad88200000,0x000000ad88300000) (1024K)]
  0x00000225d3539290 WorkerThread "GC Thread#2"                     [id=27032, stack(0x000000ad88300000,0x000000ad88400000) (1024K)]
  0x00000225d3539630 WorkerThread "GC Thread#3"                     [id=18640, stack(0x000000ad88400000,0x000000ad88500000) (1024K)]
  0x00000225d3027cf0 WorkerThread "GC Thread#4"                     [id=11252, stack(0x000000ad88500000,0x000000ad88600000) (1024K)]
  0x00000225d3028090 WorkerThread "GC Thread#5"                     [id=23292, stack(0x000000ad88600000,0x000000ad88700000) (1024K)]
  0x00000225d49632f0 WorkerThread "GC Thread#6"                     [id=6676, stack(0x000000ad88800000,0x000000ad88900000) (1024K)]
  0x00000225d4962810 WorkerThread "GC Thread#7"                     [id=25276, stack(0x000000ad88900000,0x000000ad88a00000) (1024K)]
  0x00000225b6f85010 ConcurrentGCThread "G1 Main Marker"            [id=23600, stack(0x000000ad87000000,0x000000ad87100000) (1024K)]
  0x00000225b6f85a20 WorkerThread "G1 Conc#0"                       [id=19240, stack(0x000000ad87100000,0x000000ad87200000) (1024K)]
  0x00000225d4962470 WorkerThread "G1 Conc#1"                       [id=14744, stack(0x000000ad89300000,0x000000ad89400000) (1024K)]
  0x00000225ce4cdb80 ConcurrentGCThread "G1 Refine#0"               [id=9188, stack(0x000000ad87200000,0x000000ad87300000) (1024K)]
  0x00000225ce4d07c0 ConcurrentGCThread "G1 Service"                [id=11784, stack(0x000000ad87300000,0x000000ad87400000) (1024K)]
Total: 15

Threads with active compile tasks:
C2 CompilerThread0  284233 30750       4       org.gradle.api.internal.attributes.DefaultAttributesFactory$$Lambda/0x00000001007af088::apply (24 bytes)
C2 CompilerThread1  284233 30671   !   4       java.util.concurrent.ConcurrentHashMap::compute (654 bytes)
Total: 2

VM state: not at safepoint (normal execution)

VM Mutex/Monitor currently owned by a thread: None

Heap address: 0x0000000080000000, size: 2048 MB, Compressed Oops mode: 32-bit

CDS archive(s) not mapped
Compressed class space mapped at: 0x0000000100000000-0x0000000140000000, reserved size: 1073741824
Narrow klass base: 0x0000000000000000, Narrow klass shift: 3, Narrow klass range: 0x140000000

GC Precious Log:
 CardTable entry size: 512
 Card Set container configuration: InlinePtr #cards 5 size 8 Array Of Cards #cards 12 size 40 Howl #buckets 4 coarsen threshold 1843 Howl Bitmap #cards 512 size 80 coarsen threshold 460 Card regions per heap region 1 cards per card region 2048
 CPUs: 8 total, 8 available
 Memory: 16167M
 Large Page Support: Disabled
 NUMA Support: Disabled
 Compressed Oops: Enabled (32-bit)
 Heap Region Size: 1M
 Heap Min Capacity: 8M
 Heap Initial Capacity: 254M
 Heap Max Capacity: 2G
 Pre-touch: Disabled
 Parallel Workers: 8
 Concurrent Workers: 2
 Concurrent Refinement Workers: 8
 Periodic GC: Disabled

Heap:
 garbage-first heap   total 395264K, used 372460K [0x0000000080000000, 0x0000000100000000)
  region size 1024K, 108 young (110592K), 16 survivors (16384K)
 Metaspace       used 224191K, committed 226944K, reserved 1245184K
  class space    used 29823K, committed 31168K, reserved 1048576K

Heap Regions: E=young(eden), S=young(survivor), O=old, HS=humongous(starts), HC=humongous(continues), CS=collection set, F=free, TAMS=top-at-mark-start, PB=parsable bottom
|   0|0x0000000080000000, 0x0000000080100000, 0x0000000080100000|100%|HS|  |TAMS 0x0000000080000000| PB 0x0000000080000000| Complete 
|   1|0x0000000080100000, 0x0000000080200000, 0x0000000080200000|100%|HC|  |TAMS 0x0000000080100000| PB 0x0000000080100000| Complete 
|   2|0x0000000080200000, 0x0000000080300000, 0x0000000080300000|100%|HC|  |TAMS 0x0000000080200000| PB 0x0000000080200000| Complete 
|   3|0x0000000080300000, 0x0000000080400000, 0x0000000080400000|100%| O|  |TAMS 0x0000000080300000| PB 0x0000000080300000| Untracked 
|   4|0x0000000080400000, 0x0000000080500000, 0x0000000080500000|100%| O|  |TAMS 0x0000000080400000| PB 0x0000000080400000| Untracked 
|   5|0x0000000080500000, 0x0000000080600000, 0x0000000080600000|100%| O|  |TAMS 0x0000000080500000| PB 0x0000000080500000| Untracked 
|   6|0x0000000080600000, 0x0000000080700000, 0x0000000080700000|100%|HS|  |TAMS 0x0000000080600000| PB 0x0000000080600000| Complete 
|   7|0x0000000080700000, 0x0000000080800000, 0x0000000080800000|100%| O|  |TAMS 0x0000000080700000| PB 0x0000000080700000| Untracked 
|   8|0x0000000080800000, 0x0000000080900000, 0x0000000080900000|100%| O|  |TAMS 0x0000000080800000| PB 0x0000000080800000| Untracked 
|   9|0x0000000080900000, 0x0000000080a00000, 0x0000000080a00000|100%| O|  |TAMS 0x0000000080900000| PB 0x0000000080900000| Untracked 
|  10|0x0000000080a00000, 0x0000000080b00000, 0x0000000080b00000|100%| O|  |TAMS 0x0000000080a00000| PB 0x0000000080a00000| Untracked 
|  11|0x0000000080b00000, 0x0000000080c00000, 0x0000000080c00000|100%| O|  |TAMS 0x0000000080b00000| PB 0x0000000080b00000| Untracked 
|  12|0x0000000080c00000, 0x0000000080d00000, 0x0000000080d00000|100%| O|  |TAMS 0x0000000080c00000| PB 0x0000000080c00000| Untracked 
|  13|0x0000000080d00000, 0x0000000080e00000, 0x0000000080e00000|100%| O|  |TAMS 0x0000000080d00000| PB 0x0000000080d00000| Untracked 
|  14|0x0000000080e00000, 0x0000000080f00000, 0x0000000080f00000|100%| O|  |TAMS 0x0000000080e00000| PB 0x0000000080e00000| Untracked 
|  15|0x0000000080f00000, 0x0000000081000000, 0x0000000081000000|100%| O|  |TAMS 0x0000000080f00000| PB 0x0000000080f00000| Untracked 
|  16|0x0000000081000000, 0x0000000081100000, 0x0000000081100000|100%| O|  |TAMS 0x0000000081000000| PB 0x0000000081000000| Untracked 
|  17|0x0000000081100000, 0x0000000081200000, 0x0000000081200000|100%| O|  |TAMS 0x0000000081100000| PB 0x0000000081100000| Untracked 
|  18|0x0000000081200000, 0x0000000081300000, 0x0000000081300000|100%| O|  |TAMS 0x0000000081200000| PB 0x0000000081200000| Untracked 
|  19|0x0000000081300000, 0x0000000081400000, 0x0000000081400000|100%| O|  |TAMS 0x0000000081300000| PB 0x0000000081300000| Untracked 
|  20|0x0000000081400000, 0x0000000081500000, 0x0000000081500000|100%| O|  |TAMS 0x0000000081400000| PB 0x0000000081400000| Untracked 
|  21|0x0000000081500000, 0x0000000081600000, 0x0000000081600000|100%| O|  |TAMS 0x0000000081500000| PB 0x0000000081500000| Untracked 
|  22|0x0000000081600000, 0x0000000081700000, 0x0000000081700000|100%| O|  |TAMS 0x0000000081600000| PB 0x0000000081600000| Untracked 
|  23|0x0000000081700000, 0x0000000081800000, 0x0000000081800000|100%| O|  |TAMS 0x0000000081700000| PB 0x0000000081700000| Untracked 
|  24|0x0000000081800000, 0x0000000081900000, 0x0000000081900000|100%| O|  |TAMS 0x0000000081800000| PB 0x0000000081800000| Untracked 
|  25|0x0000000081900000, 0x0000000081a00000, 0x0000000081a00000|100%| O|  |TAMS 0x0000000081900000| PB 0x0000000081900000| Untracked 
|  26|0x0000000081a00000, 0x0000000081b00000, 0x0000000081b00000|100%| O|  |TAMS 0x0000000081a00000| PB 0x0000000081a00000| Untracked 
|  27|0x0000000081b00000, 0x0000000081c00000, 0x0000000081c00000|100%| O|  |TAMS 0x0000000081b00000| PB 0x0000000081b00000| Untracked 
|  28|0x0000000081c00000, 0x0000000081d00000, 0x0000000081d00000|100%|HS|  |TAMS 0x0000000081c00000| PB 0x0000000081c00000| Complete 
|  29|0x0000000081d00000, 0x0000000081e00000, 0x0000000081e00000|100%|HC|  |TAMS 0x0000000081d00000| PB 0x0000000081d00000| Complete 
|  30|0x0000000081e00000, 0x0000000081f00000, 0x0000000081f00000|100%| O|  |TAMS 0x0000000081e00000| PB 0x0000000081e00000| Untracked 
|  31|0x0000000081f00000, 0x0000000082000000, 0x0000000082000000|100%| O|  |TAMS 0x0000000081f00000| PB 0x0000000081f00000| Untracked 
|  32|0x0000000082000000, 0x0000000082100000, 0x0000000082100000|100%| O|  |TAMS 0x0000000082000000| PB 0x0000000082000000| Untracked 
|  33|0x0000000082100000, 0x0000000082200000, 0x0000000082200000|100%| O|  |TAMS 0x0000000082100000| PB 0x0000000082100000| Untracked 
|  34|0x0000000082200000, 0x0000000082300000, 0x0000000082300000|100%| O|  |TAMS 0x0000000082200000| PB 0x0000000082200000| Untracked 
|  35|0x0000000082300000, 0x0000000082400000, 0x0000000082400000|100%| O|  |TAMS 0x0000000082300000| PB 0x0000000082300000| Untracked 
|  36|0x0000000082400000, 0x0000000082500000, 0x0000000082500000|100%| O|  |TAMS 0x0000000082400000| PB 0x0000000082400000| Untracked 
|  37|0x0000000082500000, 0x0000000082600000, 0x0000000082600000|100%| O|  |TAMS 0x0000000082500000| PB 0x0000000082500000| Untracked 
|  38|0x0000000082600000, 0x0000000082700000, 0x0000000082700000|100%| O|  |TAMS 0x0000000082600000| PB 0x0000000082600000| Untracked 
|  39|0x0000000082700000, 0x0000000082800000, 0x0000000082800000|100%| O|  |TAMS 0x0000000082700000| PB 0x0000000082700000| Untracked 
|  40|0x0000000082800000, 0x0000000082900000, 0x0000000082900000|100%| O|  |TAMS 0x0000000082800000| PB 0x0000000082800000| Untracked 
|  41|0x0000000082900000, 0x0000000082a00000, 0x0000000082a00000|100%| O|  |TAMS 0x0000000082900000| PB 0x0000000082900000| Untracked 
|  42|0x0000000082a00000, 0x0000000082b00000, 0x0000000082b00000|100%| O|  |TAMS 0x0000000082a00000| PB 0x0000000082a00000| Untracked 
|  43|0x0000000082b00000, 0x0000000082c00000, 0x0000000082c00000|100%| O|  |TAMS 0x0000000082b00000| PB 0x0000000082b00000| Untracked 
|  44|0x0000000082c00000, 0x0000000082d00000, 0x0000000082d00000|100%| O|  |TAMS 0x0000000082c00000| PB 0x0000000082c00000| Untracked 
|  45|0x0000000082d00000, 0x0000000082e00000, 0x0000000082e00000|100%| O|  |TAMS 0x0000000082d00000| PB 0x0000000082d00000| Untracked 
|  46|0x0000000082e00000, 0x0000000082f00000, 0x0000000082f00000|100%| O|  |TAMS 0x0000000082e00000| PB 0x0000000082e00000| Untracked 
|  47|0x0000000082f00000, 0x0000000083000000, 0x0000000083000000|100%| O|  |TAMS 0x0000000082f00000| PB 0x0000000082f00000| Untracked 
|  48|0x0000000083000000, 0x0000000083100000, 0x0000000083100000|100%|HS|  |TAMS 0x0000000083000000| PB 0x0000000083000000| Complete 
|  49|0x0000000083100000, 0x0000000083200000, 0x0000000083200000|100%| O|  |TAMS 0x0000000083100000| PB 0x0000000083100000| Untracked 
|  50|0x0000000083200000, 0x0000000083300000, 0x0000000083300000|100%| O|  |TAMS 0x0000000083200000| PB 0x0000000083200000| Untracked 
|  51|0x0000000083300000, 0x0000000083400000, 0x0000000083400000|100%|HS|  |TAMS 0x0000000083300000| PB 0x0000000083300000| Complete 
|  52|0x0000000083400000, 0x0000000083500000, 0x0000000083500000|100%| O|  |TAMS 0x0000000083400000| PB 0x0000000083400000| Untracked 
|  53|0x0000000083500000, 0x0000000083600000, 0x0000000083600000|100%| O|  |TAMS 0x0000000083500000| PB 0x0000000083500000| Untracked 
|  54|0x0000000083600000, 0x0000000083700000, 0x0000000083700000|100%| O|  |TAMS 0x0000000083600000| PB 0x0000000083600000| Untracked 
|  55|0x0000000083700000, 0x0000000083800000, 0x0000000083800000|100%| O|  |TAMS 0x0000000083700000| PB 0x0000000083700000| Untracked 
|  56|0x0000000083800000, 0x0000000083900000, 0x0000000083900000|100%| O|  |TAMS 0x0000000083800000| PB 0x0000000083800000| Untracked 
|  57|0x0000000083900000, 0x0000000083a00000, 0x0000000083a00000|100%| O|  |TAMS 0x0000000083900000| PB 0x0000000083900000| Untracked 
|  58|0x0000000083a00000, 0x0000000083b00000, 0x0000000083b00000|100%| O|  |TAMS 0x0000000083a00000| PB 0x0000000083a00000| Untracked 
|  59|0x0000000083b00000, 0x0000000083c00000, 0x0000000083c00000|100%|HS|  |TAMS 0x0000000083b00000| PB 0x0000000083b00000| Complete 
|  60|0x0000000083c00000, 0x0000000083d00000, 0x0000000083d00000|100%|HC|  |TAMS 0x0000000083c00000| PB 0x0000000083c00000| Complete 
|  61|0x0000000083d00000, 0x0000000083e00000, 0x0000000083e00000|100%|HS|  |TAMS 0x0000000083d00000| PB 0x0000000083d00000| Complete 
|  62|0x0000000083e00000, 0x0000000083f00000, 0x0000000083f00000|100%|HC|  |TAMS 0x0000000083e00000| PB 0x0000000083e00000| Complete 
|  63|0x0000000083f00000, 0x0000000084000000, 0x0000000084000000|100%|HS|  |TAMS 0x0000000083f00000| PB 0x0000000083f00000| Complete 
|  64|0x0000000084000000, 0x0000000084100000, 0x0000000084100000|100%|HS|  |TAMS 0x0000000084000000| PB 0x0000000084000000| Complete 
|  65|0x0000000084100000, 0x0000000084200000, 0x0000000084200000|100%|HS|  |TAMS 0x0000000084100000| PB 0x0000000084100000| Complete 
|  66|0x0000000084200000, 0x0000000084300000, 0x0000000084300000|100%|HS|  |TAMS 0x0000000084200000| PB 0x0000000084200000| Complete 
|  67|0x0000000084300000, 0x0000000084400000, 0x0000000084400000|100%| O|  |TAMS 0x0000000084300000| PB 0x0000000084300000| Untracked 
|  68|0x0000000084400000, 0x0000000084500000, 0x0000000084500000|100%| O|  |TAMS 0x0000000084400000| PB 0x0000000084400000| Untracked 
|  69|0x0000000084500000, 0x0000000084600000, 0x0000000084600000|100%| O|  |TAMS 0x0000000084500000| PB 0x0000000084500000| Untracked 
|  70|0x0000000084600000, 0x0000000084700000, 0x0000000084700000|100%| O|  |TAMS 0x0000000084600000| PB 0x0000000084600000| Untracked 
|  71|0x0000000084700000, 0x0000000084800000, 0x0000000084800000|100%| O|  |TAMS 0x0000000084700000| PB 0x0000000084700000| Untracked 
|  72|0x0000000084800000, 0x0000000084900000, 0x0000000084900000|100%| O|  |TAMS 0x0000000084800000| PB 0x0000000084800000| Untracked 
|  73|0x0000000084900000, 0x0000000084a00000, 0x0000000084a00000|100%| O|  |TAMS 0x0000000084900000| PB 0x0000000084900000| Untracked 
|  74|0x0000000084a00000, 0x0000000084b00000, 0x0000000084b00000|100%| O|  |TAMS 0x0000000084a00000| PB 0x0000000084a00000| Untracked 
|  75|0x0000000084b00000, 0x0000000084c00000, 0x0000000084c00000|100%| O|  |TAMS 0x0000000084b00000| PB 0x0000000084b00000| Untracked 
|  76|0x0000000084c00000, 0x0000000084d00000, 0x0000000084d00000|100%| O|  |TAMS 0x0000000084c00000| PB 0x0000000084c00000| Untracked 
|  77|0x0000000084d00000, 0x0000000084e00000, 0x0000000084e00000|100%| O|  |TAMS 0x0000000084d00000| PB 0x0000000084d00000| Untracked 
|  78|0x0000000084e00000, 0x0000000084f00000, 0x0000000084f00000|100%| O|  |TAMS 0x0000000084e00000| PB 0x0000000084e00000| Untracked 
|  79|0x0000000084f00000, 0x0000000085000000, 0x0000000085000000|100%| O|  |TAMS 0x0000000084f00000| PB 0x0000000084f00000| Untracked 
|  80|0x0000000085000000, 0x0000000085100000, 0x0000000085100000|100%| O|  |TAMS 0x0000000085000000| PB 0x0000000085000000| Untracked 
|  81|0x0000000085100000, 0x0000000085200000, 0x0000000085200000|100%|HS|  |TAMS 0x0000000085100000| PB 0x0000000085100000| Complete 
|  82|0x0000000085200000, 0x0000000085300000, 0x0000000085300000|100%| O|  |TAMS 0x0000000085200000| PB 0x0000000085200000| Untracked 
|  83|0x0000000085300000, 0x0000000085400000, 0x0000000085400000|100%| O|  |TAMS 0x0000000085300000| PB 0x0000000085300000| Untracked 
|  84|0x0000000085400000, 0x0000000085500000, 0x0000000085500000|100%| O|  |TAMS 0x0000000085400000| PB 0x0000000085400000| Untracked 
|  85|0x0000000085500000, 0x0000000085600000, 0x0000000085600000|100%| O|  |TAMS 0x0000000085500000| PB 0x0000000085500000| Untracked 
|  86|0x0000000085600000, 0x0000000085700000, 0x0000000085700000|100%| O|  |TAMS 0x0000000085600000| PB 0x0000000085600000| Untracked 
|  87|0x0000000085700000, 0x0000000085800000, 0x0000000085800000|100%| O|  |TAMS 0x0000000085700000| PB 0x0000000085700000| Untracked 
|  88|0x0000000085800000, 0x0000000085900000, 0x0000000085900000|100%| O|  |TAMS 0x0000000085800000| PB 0x0000000085800000| Untracked 
|  89|0x0000000085900000, 0x0000000085a00000, 0x0000000085a00000|100%| O|  |TAMS 0x0000000085900000| PB 0x0000000085900000| Untracked 
|  90|0x0000000085a00000, 0x0000000085b00000, 0x0000000085b00000|100%| O|  |TAMS 0x0000000085a00000| PB 0x0000000085a00000| Untracked 
|  91|0x0000000085b00000, 0x0000000085c00000, 0x0000000085c00000|100%| O|  |TAMS 0x0000000085b00000| PB 0x0000000085b00000| Untracked 
|  92|0x0000000085c00000, 0x0000000085d00000, 0x0000000085d00000|100%| O|  |TAMS 0x0000000085c00000| PB 0x0000000085c00000| Untracked 
|  93|0x0000000085d00000, 0x0000000085e00000, 0x0000000085e00000|100%| O|  |TAMS 0x0000000085d00000| PB 0x0000000085d00000| Untracked 
|  94|0x0000000085e00000, 0x0000000085f00000, 0x0000000085f00000|100%| O|  |TAMS 0x0000000085e00000| PB 0x0000000085e00000| Untracked 
|  95|0x0000000085f00000, 0x0000000086000000, 0x0000000086000000|100%| O|  |TAMS 0x0000000085f00000| PB 0x0000000085f00000| Untracked 
|  96|0x0000000086000000, 0x0000000086100000, 0x0000000086100000|100%| O|  |TAMS 0x0000000086000000| PB 0x0000000086000000| Untracked 
|  97|0x0000000086100000, 0x0000000086200000, 0x0000000086200000|100%| O|  |TAMS 0x0000000086100000| PB 0x0000000086100000| Untracked 
|  98|0x0000000086200000, 0x0000000086300000, 0x0000000086300000|100%| O|  |TAMS 0x0000000086200000| PB 0x0000000086200000| Untracked 
|  99|0x0000000086300000, 0x0000000086400000, 0x0000000086400000|100%| O|  |TAMS 0x0000000086300000| PB 0x0000000086300000| Untracked 
| 100|0x0000000086400000, 0x0000000086500000, 0x0000000086500000|100%| O|  |TAMS 0x0000000086400000| PB 0x0000000086400000| Untracked 
| 101|0x0000000086500000, 0x0000000086600000, 0x0000000086600000|100%| O|  |TAMS 0x0000000086500000| PB 0x0000000086500000| Untracked 
| 102|0x0000000086600000, 0x0000000086700000, 0x0000000086700000|100%| O|  |TAMS 0x0000000086600000| PB 0x0000000086600000| Untracked 
| 103|0x0000000086700000, 0x0000000086800000, 0x0000000086800000|100%| O|  |TAMS 0x0000000086700000| PB 0x0000000086700000| Untracked 
| 104|0x0000000086800000, 0x0000000086900000, 0x0000000086900000|100%| O|  |TAMS 0x0000000086800000| PB 0x0000000086800000| Untracked 
| 105|0x0000000086900000, 0x0000000086a00000, 0x0000000086a00000|100%| O|  |TAMS 0x0000000086900000| PB 0x0000000086900000| Untracked 
| 106|0x0000000086a00000, 0x0000000086b00000, 0x0000000086b00000|100%| O|  |TAMS 0x0000000086a00000| PB 0x0000000086a00000| Untracked 
| 107|0x0000000086b00000, 0x0000000086c00000, 0x0000000086c00000|100%| O|  |TAMS 0x0000000086b00000| PB 0x0000000086b00000| Untracked 
| 108|0x0000000086c00000, 0x0000000086d00000, 0x0000000086d00000|100%| O|  |TAMS 0x0000000086c00000| PB 0x0000000086c00000| Untracked 
| 109|0x0000000086d00000, 0x0000000086e00000, 0x0000000086e00000|100%| O|  |TAMS 0x0000000086d00000| PB 0x0000000086d00000| Untracked 
| 110|0x0000000086e00000, 0x0000000086f00000, 0x0000000086f00000|100%| O|  |TAMS 0x0000000086e00000| PB 0x0000000086e00000| Untracked 
| 111|0x0000000086f00000, 0x0000000087000000, 0x0000000087000000|100%| O|  |TAMS 0x0000000086f00000| PB 0x0000000086f00000| Untracked 
| 112|0x0000000087000000, 0x0000000087100000, 0x0000000087100000|100%| O|  |TAMS 0x0000000087000000| PB 0x0000000087000000| Untracked 
| 113|0x0000000087100000, 0x0000000087200000, 0x0000000087200000|100%| O|  |TAMS 0x0000000087100000| PB 0x0000000087100000| Untracked 
| 114|0x0000000087200000, 0x0000000087300000, 0x0000000087300000|100%| O|  |TAMS 0x0000000087200000| PB 0x0000000087200000| Untracked 
| 115|0x0000000087300000, 0x0000000087400000, 0x0000000087400000|100%| O|  |TAMS 0x0000000087300000| PB 0x0000000087300000| Untracked 
| 116|0x0000000087400000, 0x0000000087500000, 0x0000000087500000|100%| O|  |TAMS 0x0000000087400000| PB 0x0000000087400000| Untracked 
| 117|0x0000000087500000, 0x0000000087600000, 0x0000000087600000|100%| O|  |TAMS 0x0000000087500000| PB 0x0000000087500000| Untracked 
| 118|0x0000000087600000, 0x0000000087700000, 0x0000000087700000|100%| O|  |TAMS 0x0000000087600000| PB 0x0000000087600000| Untracked 
| 119|0x0000000087700000, 0x0000000087800000, 0x0000000087800000|100%| O|  |TAMS 0x0000000087700000| PB 0x0000000087700000| Untracked 
| 120|0x0000000087800000, 0x0000000087900000, 0x0000000087900000|100%| O|  |TAMS 0x0000000087800000| PB 0x0000000087800000| Untracked 
| 121|0x0000000087900000, 0x0000000087a00000, 0x0000000087a00000|100%| O|  |TAMS 0x0000000087900000| PB 0x0000000087900000| Untracked 
| 122|0x0000000087a00000, 0x0000000087b00000, 0x0000000087b00000|100%| O|  |TAMS 0x0000000087a00000| PB 0x0000000087a00000| Untracked 
| 123|0x0000000087b00000, 0x0000000087c00000, 0x0000000087c00000|100%| O|  |TAMS 0x0000000087b00000| PB 0x0000000087b00000| Untracked 
| 124|0x0000000087c00000, 0x0000000087d00000, 0x0000000087d00000|100%| O|  |TAMS 0x0000000087c00000| PB 0x0000000087c00000| Untracked 
| 125|0x0000000087d00000, 0x0000000087e00000, 0x0000000087e00000|100%| O|  |TAMS 0x0000000087d00000| PB 0x0000000087d00000| Untracked 
| 126|0x0000000087e00000, 0x0000000087f00000, 0x0000000087f00000|100%| O|  |TAMS 0x0000000087e00000| PB 0x0000000087e00000| Untracked 
| 127|0x0000000087f00000, 0x0000000088000000, 0x0000000088000000|100%| O|  |TAMS 0x0000000087f00000| PB 0x0000000087f00000| Untracked 
| 128|0x0000000088000000, 0x0000000088100000, 0x0000000088100000|100%| O|  |TAMS 0x0000000088000000| PB 0x0000000088000000| Untracked 
| 129|0x0000000088100000, 0x0000000088200000, 0x0000000088200000|100%|HS|  |TAMS 0x0000000088100000| PB 0x0000000088100000| Complete 
| 130|0x0000000088200000, 0x0000000088300000, 0x0000000088300000|100%|HC|  |TAMS 0x0000000088200000| PB 0x0000000088200000| Complete 
| 131|0x0000000088300000, 0x0000000088400000, 0x0000000088400000|100%|HC|  |TAMS 0x0000000088300000| PB 0x0000000088300000| Complete 
| 132|0x0000000088400000, 0x0000000088500000, 0x0000000088500000|100%|HC|  |TAMS 0x0000000088400000| PB 0x0000000088400000| Complete 
| 133|0x0000000088500000, 0x0000000088600000, 0x0000000088600000|100%| O|  |TAMS 0x0000000088500000| PB 0x0000000088500000| Untracked 
| 134|0x0000000088600000, 0x0000000088700000, 0x0000000088700000|100%| O|  |TAMS 0x0000000088600000| PB 0x0000000088600000| Untracked 
| 135|0x0000000088700000, 0x0000000088800000, 0x0000000088800000|100%| O|  |TAMS 0x0000000088700000| PB 0x0000000088700000| Untracked 
| 136|0x0000000088800000, 0x0000000088900000, 0x0000000088900000|100%| O|  |TAMS 0x0000000088800000| PB 0x0000000088800000| Untracked 
| 137|0x0000000088900000, 0x0000000088a00000, 0x0000000088a00000|100%| O|  |TAMS 0x0000000088900000| PB 0x0000000088900000| Untracked 
| 138|0x0000000088a00000, 0x0000000088b00000, 0x0000000088b00000|100%| O|  |TAMS 0x0000000088a00000| PB 0x0000000088a00000| Untracked 
| 139|0x0000000088b00000, 0x0000000088c00000, 0x0000000088c00000|100%| O|Cm|TAMS 0x0000000088b00000| PB 0x0000000088b00000| Complete 
| 140|0x0000000088c00000, 0x0000000088d00000, 0x0000000088d00000|100%| O|  |TAMS 0x0000000088c00000| PB 0x0000000088c00000| Untracked 
| 141|0x0000000088d00000, 0x0000000088e00000, 0x0000000088e00000|100%| O|  |TAMS 0x0000000088d00000| PB 0x0000000088d00000| Untracked 
| 142|0x0000000088e00000, 0x0000000088f00000, 0x0000000088f00000|100%| O|  |TAMS 0x0000000088e00000| PB 0x0000000088e00000| Untracked 
| 143|0x0000000088f00000, 0x0000000089000000, 0x0000000089000000|100%| O|  |TAMS 0x0000000088f00000| PB 0x0000000088f00000| Untracked 
| 144|0x0000000089000000, 0x0000000089100000, 0x0000000089100000|100%| O|  |TAMS 0x0000000089000000| PB 0x0000000089000000| Untracked 
| 145|0x0000000089100000, 0x0000000089200000, 0x0000000089200000|100%| O|  |TAMS 0x0000000089100000| PB 0x0000000089100000| Untracked 
| 146|0x0000000089200000, 0x0000000089300000, 0x0000000089300000|100%| O|  |TAMS 0x0000000089200000| PB 0x0000000089200000| Untracked 
| 147|0x0000000089300000, 0x0000000089400000, 0x0000000089400000|100%| O|  |TAMS 0x0000000089300000| PB 0x0000000089300000| Untracked 
| 148|0x0000000089400000, 0x0000000089500000, 0x0000000089500000|100%| O|Cm|TAMS 0x0000000089400000| PB 0x0000000089400000| Complete 
| 149|0x0000000089500000, 0x0000000089600000, 0x0000000089600000|100%|HS|  |TAMS 0x0000000089500000| PB 0x0000000089500000| Complete 
| 150|0x0000000089600000, 0x0000000089700000, 0x0000000089700000|100%| O|  |TAMS 0x0000000089600000| PB 0x0000000089600000| Untracked 
| 151|0x0000000089700000, 0x0000000089800000, 0x0000000089800000|100%| O|  |TAMS 0x0000000089700000| PB 0x0000000089700000| Untracked 
| 152|0x0000000089800000, 0x0000000089900000, 0x0000000089900000|100%| O|  |TAMS 0x0000000089800000| PB 0x0000000089800000| Untracked 
| 153|0x0000000089900000, 0x0000000089a00000, 0x0000000089a00000|100%| O|Cm|TAMS 0x0000000089900000| PB 0x0000000089900000| Complete 
| 154|0x0000000089a00000, 0x0000000089b00000, 0x0000000089b00000|100%| O|  |TAMS 0x0000000089a00000| PB 0x0000000089a00000| Untracked 
| 155|0x0000000089b00000, 0x0000000089c00000, 0x0000000089c00000|100%| O|  |TAMS 0x0000000089b00000| PB 0x0000000089b00000| Untracked 
| 156|0x0000000089c00000, 0x0000000089d00000, 0x0000000089d00000|100%| O|  |TAMS 0x0000000089c00000| PB 0x0000000089c00000| Untracked 
| 157|0x0000000089d00000, 0x0000000089e00000, 0x0000000089e00000|100%| O|  |TAMS 0x0000000089d00000| PB 0x0000000089d00000| Untracked 
| 158|0x0000000089e00000, 0x0000000089f00000, 0x0000000089f00000|100%| O|  |TAMS 0x0000000089e00000| PB 0x0000000089e00000| Untracked 
| 159|0x0000000089f00000, 0x000000008a000000, 0x000000008a000000|100%| O|  |TAMS 0x0000000089f00000| PB 0x0000000089f00000| Untracked 
| 160|0x000000008a000000, 0x000000008a100000, 0x000000008a100000|100%| O|Cm|TAMS 0x000000008a000000| PB 0x000000008a000000| Complete 
| 161|0x000000008a100000, 0x000000008a200000, 0x000000008a200000|100%| O|  |TAMS 0x000000008a100000| PB 0x000000008a100000| Untracked 
| 162|0x000000008a200000, 0x000000008a300000, 0x000000008a300000|100%| O|Cm|TAMS 0x000000008a200000| PB 0x000000008a200000| Complete 
| 163|0x000000008a300000, 0x000000008a400000, 0x000000008a400000|100%| O|Cm|TAMS 0x000000008a300000| PB 0x000000008a300000| Complete 
| 164|0x000000008a400000, 0x000000008a500000, 0x000000008a500000|100%| O|  |TAMS 0x000000008a400000| PB 0x000000008a400000| Untracked 
| 165|0x000000008a500000, 0x000000008a600000, 0x000000008a600000|100%| O|  |TAMS 0x000000008a500000| PB 0x000000008a500000| Untracked 
| 166|0x000000008a600000, 0x000000008a700000, 0x000000008a700000|100%| O|Cm|TAMS 0x000000008a600000| PB 0x000000008a600000| Complete 
| 167|0x000000008a700000, 0x000000008a800000, 0x000000008a800000|100%| O|Cm|TAMS 0x000000008a700000| PB 0x000000008a700000| Complete 
| 168|0x000000008a800000, 0x000000008a900000, 0x000000008a900000|100%| O|Cm|TAMS 0x000000008a800000| PB 0x000000008a800000| Complete 
| 169|0x000000008a900000, 0x000000008aa00000, 0x000000008aa00000|100%| O|Cm|TAMS 0x000000008a900000| PB 0x000000008a900000| Complete 
| 170|0x000000008aa00000, 0x000000008ab00000, 0x000000008ab00000|100%| O|  |TAMS 0x000000008aa00000| PB 0x000000008aa00000| Untracked 
| 171|0x000000008ab00000, 0x000000008ac00000, 0x000000008ac00000|100%| O|  |TAMS 0x000000008ab00000| PB 0x000000008ab00000| Untracked 
| 172|0x000000008ac00000, 0x000000008ad00000, 0x000000008ad00000|100%| O|Cm|TAMS 0x000000008ac00000| PB 0x000000008ac00000| Complete 
| 173|0x000000008ad00000, 0x000000008ae00000, 0x000000008ae00000|100%| O|Cm|TAMS 0x000000008ad00000| PB 0x000000008ad00000| Complete 
| 174|0x000000008ae00000, 0x000000008af00000, 0x000000008af00000|100%| O|Cm|TAMS 0x000000008ae00000| PB 0x000000008ae00000| Complete 
| 175|0x000000008af00000, 0x000000008b000000, 0x000000008b000000|100%| O|Cm|TAMS 0x000000008af00000| PB 0x000000008af00000| Complete 
| 176|0x000000008b000000, 0x000000008b100000, 0x000000008b100000|100%| O|  |TAMS 0x000000008b000000| PB 0x000000008b000000| Untracked 
| 177|0x000000008b100000, 0x000000008b200000, 0x000000008b200000|100%| O|  |TAMS 0x000000008b100000| PB 0x000000008b100000| Untracked 
| 178|0x000000008b200000, 0x000000008b300000, 0x000000008b300000|100%| O|  |TAMS 0x000000008b200000| PB 0x000000008b200000| Untracked 
| 179|0x000000008b300000, 0x000000008b400000, 0x000000008b400000|100%| O|  |TAMS 0x000000008b300000| PB 0x000000008b300000| Untracked 
| 180|0x000000008b400000, 0x000000008b500000, 0x000000008b500000|100%| O|  |TAMS 0x000000008b400000| PB 0x000000008b400000| Untracked 
| 181|0x000000008b500000, 0x000000008b600000, 0x000000008b600000|100%| O|  |TAMS 0x000000008b500000| PB 0x000000008b500000| Untracked 
| 182|0x000000008b600000, 0x000000008b700000, 0x000000008b700000|100%| O|  |TAMS 0x000000008b600000| PB 0x000000008b600000| Untracked 
| 183|0x000000008b700000, 0x000000008b800000, 0x000000008b800000|100%| O|Cm|TAMS 0x000000008b700000| PB 0x000000008b700000| Complete 
| 184|0x000000008b800000, 0x000000008b900000, 0x000000008b900000|100%| O|  |TAMS 0x000000008b800000| PB 0x000000008b800000| Untracked 
| 185|0x000000008b900000, 0x000000008ba00000, 0x000000008ba00000|100%| O|  |TAMS 0x000000008b900000| PB 0x000000008b900000| Untracked 
| 186|0x000000008ba00000, 0x000000008bb00000, 0x000000008bb00000|100%| O|  |TAMS 0x000000008ba00000| PB 0x000000008ba00000| Untracked 
| 187|0x000000008bb00000, 0x000000008bc00000, 0x000000008bc00000|100%| O|Cm|TAMS 0x000000008bb00000| PB 0x000000008bb00000| Complete 
| 188|0x000000008bc00000, 0x000000008bd00000, 0x000000008bd00000|100%| O|  |TAMS 0x000000008bc00000| PB 0x000000008bc00000| Untracked 
| 189|0x000000008bd00000, 0x000000008be00000, 0x000000008be00000|100%| O|  |TAMS 0x000000008bd00000| PB 0x000000008bd00000| Untracked 
| 190|0x000000008be00000, 0x000000008bf00000, 0x000000008bf00000|100%| O|  |TAMS 0x000000008be00000| PB 0x000000008be00000| Untracked 
| 191|0x000000008bf00000, 0x000000008c000000, 0x000000008c000000|100%| O|  |TAMS 0x000000008bf00000| PB 0x000000008bf00000| Untracked 
| 192|0x000000008c000000, 0x000000008c100000, 0x000000008c100000|100%| O|  |TAMS 0x000000008c000000| PB 0x000000008c000000| Untracked 
| 193|0x000000008c100000, 0x000000008c200000, 0x000000008c200000|100%| O|  |TAMS 0x000000008c100000| PB 0x000000008c100000| Untracked 
| 194|0x000000008c200000, 0x000000008c300000, 0x000000008c300000|100%| O|  |TAMS 0x000000008c200000| PB 0x000000008c200000| Untracked 
| 195|0x000000008c300000, 0x000000008c400000, 0x000000008c400000|100%| O|  |TAMS 0x000000008c300000| PB 0x000000008c300000| Untracked 
| 196|0x000000008c400000, 0x000000008c500000, 0x000000008c500000|100%| O|  |TAMS 0x000000008c400000| PB 0x000000008c400000| Untracked 
| 197|0x000000008c500000, 0x000000008c600000, 0x000000008c600000|100%| O|  |TAMS 0x000000008c500000| PB 0x000000008c500000| Untracked 
| 198|0x000000008c600000, 0x000000008c700000, 0x000000008c700000|100%| O|Cm|TAMS 0x000000008c600000| PB 0x000000008c600000| Complete 
| 199|0x000000008c700000, 0x000000008c800000, 0x000000008c800000|100%| O|Cm|TAMS 0x000000008c700000| PB 0x000000008c700000| Complete 
| 200|0x000000008c800000, 0x000000008c900000, 0x000000008c900000|100%| O|Cm|TAMS 0x000000008c800000| PB 0x000000008c800000| Complete 
| 201|0x000000008c900000, 0x000000008ca00000, 0x000000008ca00000|100%|HS|  |TAMS 0x000000008c900000| PB 0x000000008c900000| Complete 
| 202|0x000000008ca00000, 0x000000008cb00000, 0x000000008cb00000|100%|HC|  |TAMS 0x000000008ca00000| PB 0x000000008ca00000| Complete 
| 203|0x000000008cb00000, 0x000000008cc00000, 0x000000008cc00000|100%| O|  |TAMS 0x000000008cb00000| PB 0x000000008cb00000| Untracked 
| 204|0x000000008cc00000, 0x000000008cd00000, 0x000000008cd00000|100%| O|  |TAMS 0x000000008cc00000| PB 0x000000008cc00000| Untracked 
| 205|0x000000008cd00000, 0x000000008ce00000, 0x000000008ce00000|100%| O|  |TAMS 0x000000008cd00000| PB 0x000000008cd00000| Untracked 
| 206|0x000000008ce00000, 0x000000008cf00000, 0x000000008cf00000|100%|HS|  |TAMS 0x000000008ce00000| PB 0x000000008ce00000| Complete 
| 207|0x000000008cf00000, 0x000000008d000000, 0x000000008d000000|100%|HC|  |TAMS 0x000000008cf00000| PB 0x000000008cf00000| Complete 
| 208|0x000000008d000000, 0x000000008d100000, 0x000000008d100000|100%| O|  |TAMS 0x000000008d000000| PB 0x000000008d000000| Untracked 
| 209|0x000000008d100000, 0x000000008d200000, 0x000000008d200000|100%| O|  |TAMS 0x000000008d100000| PB 0x000000008d100000| Untracked 
| 210|0x000000008d200000, 0x000000008d300000, 0x000000008d300000|100%| O|Cm|TAMS 0x000000008d200000| PB 0x000000008d200000| Complete 
| 211|0x000000008d300000, 0x000000008d400000, 0x000000008d400000|100%| O|Cm|TAMS 0x000000008d300000| PB 0x000000008d300000| Complete 
| 212|0x000000008d400000, 0x000000008d500000, 0x000000008d500000|100%| O|  |TAMS 0x000000008d400000| PB 0x000000008d400000| Untracked 
| 213|0x000000008d500000, 0x000000008d600000, 0x000000008d600000|100%| O|Cm|TAMS 0x000000008d500000| PB 0x000000008d500000| Complete 
| 214|0x000000008d600000, 0x000000008d700000, 0x000000008d700000|100%| O|  |TAMS 0x000000008d600000| PB 0x000000008d600000| Untracked 
| 215|0x000000008d700000, 0x000000008d800000, 0x000000008d800000|100%| O|Cm|TAMS 0x000000008d700000| PB 0x000000008d700000| Complete 
| 216|0x000000008d800000, 0x000000008d900000, 0x000000008d900000|100%| O|Cm|TAMS 0x000000008d800000| PB 0x000000008d800000| Complete 
| 217|0x000000008d900000, 0x000000008da00000, 0x000000008da00000|100%| O|  |TAMS 0x000000008d900000| PB 0x000000008d900000| Untracked 
| 218|0x000000008da00000, 0x000000008db00000, 0x000000008db00000|100%| O|Cm|TAMS 0x000000008da00000| PB 0x000000008da00000| Complete 
| 219|0x000000008db00000, 0x000000008dc00000, 0x000000008dc00000|100%| O|  |TAMS 0x000000008db00000| PB 0x000000008db00000| Untracked 
| 220|0x000000008dc00000, 0x000000008dd00000, 0x000000008dd00000|100%| O|  |TAMS 0x000000008dc00000| PB 0x000000008dc00000| Untracked 
| 221|0x000000008dd00000, 0x000000008ddbb2d0, 0x000000008de00000| 73%| O|  |TAMS 0x000000008dd00000| PB 0x000000008dd00000| Untracked 
| 222|0x000000008de00000, 0x000000008df00000, 0x000000008df00000|100%|HS|  |TAMS 0x000000008de00000| PB 0x000000008de00000| Complete 
| 223|0x000000008df00000, 0x000000008e000000, 0x000000008e000000|100%| O|  |TAMS 0x000000008df00000| PB 0x000000008df00000| Untracked 
| 224|0x000000008e000000, 0x000000008e100000, 0x000000008e100000|100%| O|  |TAMS 0x000000008e000000| PB 0x000000008e000000| Untracked 
| 225|0x000000008e100000, 0x000000008e200000, 0x000000008e200000|100%| S|CS|TAMS 0x000000008e100000| PB 0x000000008e100000| Complete 
| 226|0x000000008e200000, 0x000000008e300000, 0x000000008e300000|100%| O|  |TAMS 0x000000008e200000| PB 0x000000008e200000| Untracked 
| 227|0x000000008e300000, 0x000000008e400000, 0x000000008e400000|100%| O|  |TAMS 0x000000008e300000| PB 0x000000008e300000| Untracked 
| 228|0x000000008e400000, 0x000000008e500000, 0x000000008e500000|100%| O|  |TAMS 0x000000008e400000| PB 0x000000008e400000| Untracked 
| 229|0x000000008e500000, 0x000000008e600000, 0x000000008e600000|100%| O|  |TAMS 0x000000008e500000| PB 0x000000008e500000| Untracked 
| 230|0x000000008e600000, 0x000000008e700000, 0x000000008e700000|100%| O|  |TAMS 0x000000008e600000| PB 0x000000008e600000| Untracked 
| 231|0x000000008e700000, 0x000000008e800000, 0x000000008e800000|100%| O|  |TAMS 0x000000008e700000| PB 0x000000008e700000| Untracked 
| 232|0x000000008e800000, 0x000000008e900000, 0x000000008e900000|100%| O|  |TAMS 0x000000008e800000| PB 0x000000008e800000| Untracked 
| 233|0x000000008e900000, 0x000000008ea00000, 0x000000008ea00000|100%| O|  |TAMS 0x000000008e900000| PB 0x000000008e900000| Untracked 
| 234|0x000000008ea00000, 0x000000008eb00000, 0x000000008eb00000|100%| O|  |TAMS 0x000000008ea00000| PB 0x000000008ea00000| Untracked 
| 235|0x000000008eb00000, 0x000000008ec00000, 0x000000008ec00000|100%| O|  |TAMS 0x000000008eb00000| PB 0x000000008eb00000| Untracked 
| 236|0x000000008ec00000, 0x000000008ed00000, 0x000000008ed00000|100%| O|  |TAMS 0x000000008ec00000| PB 0x000000008ec00000| Untracked 
| 237|0x000000008ed00000, 0x000000008ee00000, 0x000000008ee00000|100%| O|  |TAMS 0x000000008ed00000| PB 0x000000008ed00000| Untracked 
| 238|0x000000008ee00000, 0x000000008ef00000, 0x000000008ef00000|100%| O|Cm|TAMS 0x000000008ee00000| PB 0x000000008ee00000| Complete 
| 239|0x000000008ef00000, 0x000000008f000000, 0x000000008f000000|100%| O|Cm|TAMS 0x000000008ef00000| PB 0x000000008ef00000| Complete 
| 240|0x000000008f000000, 0x000000008f100000, 0x000000008f100000|100%| O|  |TAMS 0x000000008f000000| PB 0x000000008f000000| Untracked 
| 241|0x000000008f100000, 0x000000008f200000, 0x000000008f200000|100%| O|  |TAMS 0x000000008f100000| PB 0x000000008f100000| Untracked 
| 242|0x000000008f200000, 0x000000008f300000, 0x000000008f300000|100%| S|CS|TAMS 0x000000008f200000| PB 0x000000008f200000| Complete 
| 243|0x000000008f300000, 0x000000008f400000, 0x000000008f400000|100%| S|CS|TAMS 0x000000008f300000| PB 0x000000008f300000| Complete 
| 244|0x000000008f400000, 0x000000008f500000, 0x000000008f500000|100%| S|CS|TAMS 0x000000008f400000| PB 0x000000008f400000| Complete 
| 245|0x000000008f500000, 0x000000008f600000, 0x000000008f600000|100%| S|CS|TAMS 0x000000008f500000| PB 0x000000008f500000| Complete 
| 246|0x000000008f600000, 0x000000008f700000, 0x000000008f700000|100%| S|CS|TAMS 0x000000008f600000| PB 0x000000008f600000| Complete 
| 247|0x000000008f700000, 0x000000008f800000, 0x000000008f800000|100%| S|CS|TAMS 0x000000008f700000| PB 0x000000008f700000| Complete 
| 248|0x000000008f800000, 0x000000008f900000, 0x000000008f900000|100%| O|  |TAMS 0x000000008f800000| PB 0x000000008f800000| Untracked 
| 249|0x000000008f900000, 0x000000008fa00000, 0x000000008fa00000|100%| S|CS|TAMS 0x000000008f900000| PB 0x000000008f900000| Complete 
| 250|0x000000008fa00000, 0x000000008fb00000, 0x000000008fb00000|100%| S|CS|TAMS 0x000000008fa00000| PB 0x000000008fa00000| Complete 
| 251|0x000000008fb00000, 0x000000008fc00000, 0x000000008fc00000|100%| S|CS|TAMS 0x000000008fb00000| PB 0x000000008fb00000| Complete 
| 252|0x000000008fc00000, 0x000000008fd00000, 0x000000008fd00000|100%| S|CS|TAMS 0x000000008fc00000| PB 0x000000008fc00000| Complete 
| 253|0x000000008fd00000, 0x000000008fe00000, 0x000000008fe00000|100%| S|CS|TAMS 0x000000008fd00000| PB 0x000000008fd00000| Complete 
| 254|0x000000008fe00000, 0x000000008ff00000, 0x000000008ff00000|100%| S|CS|TAMS 0x000000008fe00000| PB 0x000000008fe00000| Complete 
| 255|0x000000008ff00000, 0x0000000090000000, 0x0000000090000000|100%| S|CS|TAMS 0x000000008ff00000| PB 0x000000008ff00000| Complete 
| 256|0x0000000090000000, 0x0000000090100000, 0x0000000090100000|100%| S|CS|TAMS 0x0000000090000000| PB 0x0000000090000000| Complete 
| 257|0x0000000090100000, 0x0000000090200000, 0x0000000090200000|100%| S|CS|TAMS 0x0000000090100000| PB 0x0000000090100000| Complete 
| 258|0x0000000090200000, 0x0000000090300000, 0x0000000090300000|100%|HS|  |TAMS 0x0000000090200000| PB 0x0000000090200000| Complete 
| 259|0x0000000090300000, 0x0000000090400000, 0x0000000090400000|100%|HC|  |TAMS 0x0000000090300000| PB 0x0000000090300000| Complete 
| 260|0x0000000090400000, 0x0000000090500000, 0x0000000090500000|100%|HS|  |TAMS 0x0000000090400000| PB 0x0000000090400000| Complete 
| 261|0x0000000090500000, 0x0000000090600000, 0x0000000090600000|100%|HC|  |TAMS 0x0000000090500000| PB 0x0000000090500000| Complete 
| 262|0x0000000090600000, 0x0000000090700000, 0x0000000090700000|100%|HS|  |TAMS 0x0000000090600000| PB 0x0000000090600000| Complete 
| 263|0x0000000090700000, 0x0000000090800000, 0x0000000090800000|100%|HC|  |TAMS 0x0000000090700000| PB 0x0000000090700000| Complete 
| 264|0x0000000090800000, 0x0000000090900000, 0x0000000090900000|100%|HS|  |TAMS 0x0000000090800000| PB 0x0000000090800000| Complete 
| 265|0x0000000090900000, 0x0000000090a00000, 0x0000000090a00000|100%|HC|  |TAMS 0x0000000090900000| PB 0x0000000090900000| Complete 
| 266|0x0000000090a00000, 0x0000000090b00000, 0x0000000090b00000|100%|HS|  |TAMS 0x0000000090a00000| PB 0x0000000090a00000| Complete 
| 267|0x0000000090b00000, 0x0000000090c00000, 0x0000000090c00000|100%|HC|  |TAMS 0x0000000090b00000| PB 0x0000000090b00000| Complete 
| 268|0x0000000090c00000, 0x0000000090d00000, 0x0000000090d00000|100%|HS|  |TAMS 0x0000000090c00000| PB 0x0000000090c00000| Complete 
| 269|0x0000000090d00000, 0x0000000090e00000, 0x0000000090e00000|100%|HC|  |TAMS 0x0000000090d00000| PB 0x0000000090d00000| Complete 
| 270|0x0000000090e00000, 0x0000000090f00000, 0x0000000090f00000|100%|HS|  |TAMS 0x0000000090e00000| PB 0x0000000090e00000| Complete 
| 271|0x0000000090f00000, 0x0000000091000000, 0x0000000091000000|100%|HC|  |TAMS 0x0000000090f00000| PB 0x0000000090f00000| Complete 
| 272|0x0000000091000000, 0x0000000091100000, 0x0000000091100000|100%|HS|  |TAMS 0x0000000091000000| PB 0x0000000091000000| Complete 
| 273|0x0000000091100000, 0x0000000091200000, 0x0000000091200000|100%|HC|  |TAMS 0x0000000091100000| PB 0x0000000091100000| Complete 
| 274|0x0000000091200000, 0x0000000091200000, 0x0000000091300000|  0%| F|  |TAMS 0x0000000091200000| PB 0x0000000091200000| Untracked 
| 275|0x0000000091300000, 0x0000000091300000, 0x0000000091400000|  0%| F|  |TAMS 0x0000000091300000| PB 0x0000000091300000| Untracked 
| 276|0x0000000091400000, 0x0000000091400000, 0x0000000091500000|  0%| F|  |TAMS 0x0000000091400000| PB 0x0000000091400000| Untracked 
| 277|0x0000000091500000, 0x0000000091500000, 0x0000000091600000|  0%| F|  |TAMS 0x0000000091500000| PB 0x0000000091500000| Untracked 
| 278|0x0000000091600000, 0x0000000091600000, 0x0000000091700000|  0%| F|  |TAMS 0x0000000091600000| PB 0x0000000091600000| Untracked 
| 279|0x0000000091700000, 0x0000000091700000, 0x0000000091800000|  0%| F|  |TAMS 0x0000000091700000| PB 0x0000000091700000| Untracked 
| 280|0x0000000091800000, 0x0000000091800000, 0x0000000091900000|  0%| F|  |TAMS 0x0000000091800000| PB 0x0000000091800000| Untracked 
| 281|0x0000000091900000, 0x0000000091900000, 0x0000000091a00000|  0%| F|  |TAMS 0x0000000091900000| PB 0x0000000091900000| Untracked 
| 282|0x0000000091a00000, 0x0000000091a00000, 0x0000000091b00000|  0%| F|  |TAMS 0x0000000091a00000| PB 0x0000000091a00000| Untracked 
| 283|0x0000000091b00000, 0x0000000091b00000, 0x0000000091c00000|  0%| F|  |TAMS 0x0000000091b00000| PB 0x0000000091b00000| Untracked 
| 284|0x0000000091c00000, 0x0000000091c00000, 0x0000000091d00000|  0%| F|  |TAMS 0x0000000091c00000| PB 0x0000000091c00000| Untracked 
| 285|0x0000000091d00000, 0x0000000091d00000, 0x0000000091e00000|  0%| F|  |TAMS 0x0000000091d00000| PB 0x0000000091d00000| Untracked 
| 286|0x0000000091e00000, 0x0000000091e00000, 0x0000000091f00000|  0%| F|  |TAMS 0x0000000091e00000| PB 0x0000000091e00000| Untracked 
| 287|0x0000000091f00000, 0x0000000091f00000, 0x0000000092000000|  0%| F|  |TAMS 0x0000000091f00000| PB 0x0000000091f00000| Untracked 
| 288|0x0000000092000000, 0x0000000092000000, 0x0000000092100000|  0%| F|  |TAMS 0x0000000092000000| PB 0x0000000092000000| Untracked 
| 289|0x0000000092100000, 0x0000000092100000, 0x0000000092200000|  0%| F|  |TAMS 0x0000000092100000| PB 0x0000000092100000| Untracked 
| 290|0x0000000092200000, 0x0000000092200000, 0x0000000092300000|  0%| F|  |TAMS 0x0000000092200000| PB 0x0000000092200000| Untracked 
| 291|0x0000000092300000, 0x0000000092300000, 0x0000000092400000|  0%| F|  |TAMS 0x0000000092300000| PB 0x0000000092300000| Untracked 
| 292|0x0000000092400000, 0x0000000092400000, 0x0000000092500000|  0%| F|  |TAMS 0x0000000092400000| PB 0x0000000092400000| Untracked 
| 293|0x0000000092500000, 0x00000000925a72a0, 0x0000000092600000| 65%| E|  |TAMS 0x0000000092500000| PB 0x0000000092500000| Complete 
| 294|0x0000000092600000, 0x0000000092700000, 0x0000000092700000|100%| E|  |TAMS 0x0000000092600000| PB 0x0000000092600000| Complete 
| 295|0x0000000092700000, 0x0000000092800000, 0x0000000092800000|100%| E|CS|TAMS 0x0000000092700000| PB 0x0000000092700000| Complete 
| 296|0x0000000092800000, 0x0000000092900000, 0x0000000092900000|100%| E|CS|TAMS 0x0000000092800000| PB 0x0000000092800000| Complete 
| 297|0x0000000092900000, 0x0000000092a00000, 0x0000000092a00000|100%| E|CS|TAMS 0x0000000092900000| PB 0x0000000092900000| Complete 
| 298|0x0000000092a00000, 0x0000000092b00000, 0x0000000092b00000|100%| E|CS|TAMS 0x0000000092a00000| PB 0x0000000092a00000| Complete 
| 299|0x0000000092b00000, 0x0000000092c00000, 0x0000000092c00000|100%| E|CS|TAMS 0x0000000092b00000| PB 0x0000000092b00000| Complete 
| 300|0x0000000092c00000, 0x0000000092d00000, 0x0000000092d00000|100%| E|CS|TAMS 0x0000000092c00000| PB 0x0000000092c00000| Complete 
| 301|0x0000000092d00000, 0x0000000092e00000, 0x0000000092e00000|100%| E|CS|TAMS 0x0000000092d00000| PB 0x0000000092d00000| Complete 
| 302|0x0000000092e00000, 0x0000000092f00000, 0x0000000092f00000|100%| E|CS|TAMS 0x0000000092e00000| PB 0x0000000092e00000| Complete 
| 303|0x0000000092f00000, 0x0000000093000000, 0x0000000093000000|100%| E|CS|TAMS 0x0000000092f00000| PB 0x0000000092f00000| Complete 
| 304|0x0000000093000000, 0x0000000093100000, 0x0000000093100000|100%| E|CS|TAMS 0x0000000093000000| PB 0x0000000093000000| Complete 
| 305|0x0000000093100000, 0x0000000093200000, 0x0000000093200000|100%| E|CS|TAMS 0x0000000093100000| PB 0x0000000093100000| Complete 
| 306|0x0000000093200000, 0x0000000093300000, 0x0000000093300000|100%| E|CS|TAMS 0x0000000093200000| PB 0x0000000093200000| Complete 
| 307|0x0000000093300000, 0x0000000093400000, 0x0000000093400000|100%| E|CS|TAMS 0x0000000093300000| PB 0x0000000093300000| Complete 
| 308|0x0000000093400000, 0x0000000093500000, 0x0000000093500000|100%| E|CS|TAMS 0x0000000093400000| PB 0x0000000093400000| Complete 
| 309|0x0000000093500000, 0x0000000093600000, 0x0000000093600000|100%| E|CS|TAMS 0x0000000093500000| PB 0x0000000093500000| Complete 
| 310|0x0000000093600000, 0x0000000093700000, 0x0000000093700000|100%| E|CS|TAMS 0x0000000093600000| PB 0x0000000093600000| Complete 
| 311|0x0000000093700000, 0x0000000093800000, 0x0000000093800000|100%| E|CS|TAMS 0x0000000093700000| PB 0x0000000093700000| Complete 
| 312|0x0000000093800000, 0x0000000093900000, 0x0000000093900000|100%| E|CS|TAMS 0x0000000093800000| PB 0x0000000093800000| Complete 
| 313|0x0000000093900000, 0x0000000093a00000, 0x0000000093a00000|100%| E|CS|TAMS 0x0000000093900000| PB 0x0000000093900000| Complete 
| 314|0x0000000093a00000, 0x0000000093b00000, 0x0000000093b00000|100%| E|CS|TAMS 0x0000000093a00000| PB 0x0000000093a00000| Complete 
| 315|0x0000000093b00000, 0x0000000093c00000, 0x0000000093c00000|100%| E|CS|TAMS 0x0000000093b00000| PB 0x0000000093b00000| Complete 
| 316|0x0000000093c00000, 0x0000000093d00000, 0x0000000093d00000|100%| E|CS|TAMS 0x0000000093c00000| PB 0x0000000093c00000| Complete 
| 317|0x0000000093d00000, 0x0000000093e00000, 0x0000000093e00000|100%| E|CS|TAMS 0x0000000093d00000| PB 0x0000000093d00000| Complete 
| 318|0x0000000093e00000, 0x0000000093f00000, 0x0000000093f00000|100%| E|CS|TAMS 0x0000000093e00000| PB 0x0000000093e00000| Complete 
| 319|0x0000000093f00000, 0x0000000094000000, 0x0000000094000000|100%| E|CS|TAMS 0x0000000093f00000| PB 0x0000000093f00000| Complete 
| 320|0x0000000094000000, 0x0000000094100000, 0x0000000094100000|100%| E|CS|TAMS 0x0000000094000000| PB 0x0000000094000000| Complete 
| 321|0x0000000094100000, 0x0000000094200000, 0x0000000094200000|100%| E|CS|TAMS 0x0000000094100000| PB 0x0000000094100000| Complete 
| 322|0x0000000094200000, 0x0000000094300000, 0x0000000094300000|100%| E|CS|TAMS 0x0000000094200000| PB 0x0000000094200000| Complete 
| 323|0x0000000094300000, 0x0000000094400000, 0x0000000094400000|100%| E|CS|TAMS 0x0000000094300000| PB 0x0000000094300000| Complete 
| 324|0x0000000094400000, 0x0000000094500000, 0x0000000094500000|100%| E|CS|TAMS 0x0000000094400000| PB 0x0000000094400000| Complete 
| 325|0x0000000094500000, 0x0000000094600000, 0x0000000094600000|100%| E|CS|TAMS 0x0000000094500000| PB 0x0000000094500000| Complete 
| 326|0x0000000094600000, 0x0000000094700000, 0x0000000094700000|100%| E|CS|TAMS 0x0000000094600000| PB 0x0000000094600000| Complete 
| 327|0x0000000094700000, 0x0000000094800000, 0x0000000094800000|100%| E|CS|TAMS 0x0000000094700000| PB 0x0000000094700000| Complete 
| 328|0x0000000094800000, 0x0000000094900000, 0x0000000094900000|100%| E|CS|TAMS 0x0000000094800000| PB 0x0000000094800000| Complete 
| 329|0x0000000094900000, 0x0000000094a00000, 0x0000000094a00000|100%| E|CS|TAMS 0x0000000094900000| PB 0x0000000094900000| Complete 
| 330|0x0000000094a00000, 0x0000000094b00000, 0x0000000094b00000|100%| E|CS|TAMS 0x0000000094a00000| PB 0x0000000094a00000| Complete 
| 331|0x0000000094b00000, 0x0000000094c00000, 0x0000000094c00000|100%| E|CS|TAMS 0x0000000094b00000| PB 0x0000000094b00000| Complete 
| 332|0x0000000094c00000, 0x0000000094d00000, 0x0000000094d00000|100%| E|CS|TAMS 0x0000000094c00000| PB 0x0000000094c00000| Complete 
| 333|0x0000000094d00000, 0x0000000094e00000, 0x0000000094e00000|100%| E|CS|TAMS 0x0000000094d00000| PB 0x0000000094d00000| Complete 
| 334|0x0000000094e00000, 0x0000000094f00000, 0x0000000094f00000|100%| E|CS|TAMS 0x0000000094e00000| PB 0x0000000094e00000| Complete 
| 335|0x0000000094f00000, 0x0000000095000000, 0x0000000095000000|100%| E|CS|TAMS 0x0000000094f00000| PB 0x0000000094f00000| Complete 
| 336|0x0000000095000000, 0x0000000095100000, 0x0000000095100000|100%| E|CS|TAMS 0x0000000095000000| PB 0x0000000095000000| Complete 
| 337|0x0000000095100000, 0x0000000095200000, 0x0000000095200000|100%| E|CS|TAMS 0x0000000095100000| PB 0x0000000095100000| Complete 
| 338|0x0000000095200000, 0x0000000095300000, 0x0000000095300000|100%| E|CS|TAMS 0x0000000095200000| PB 0x0000000095200000| Complete 
| 339|0x0000000095300000, 0x0000000095400000, 0x0000000095400000|100%| E|CS|TAMS 0x0000000095300000| PB 0x0000000095300000| Complete 
| 340|0x0000000095400000, 0x0000000095500000, 0x0000000095500000|100%| E|CS|TAMS 0x0000000095400000| PB 0x0000000095400000| Complete 
| 341|0x0000000095500000, 0x0000000095600000, 0x0000000095600000|100%| E|CS|TAMS 0x0000000095500000| PB 0x0000000095500000| Complete 
| 342|0x0000000095600000, 0x0000000095700000, 0x0000000095700000|100%| E|CS|TAMS 0x0000000095600000| PB 0x0000000095600000| Complete 
| 343|0x0000000095700000, 0x0000000095800000, 0x0000000095800000|100%| E|CS|TAMS 0x0000000095700000| PB 0x0000000095700000| Complete 
| 344|0x0000000095800000, 0x0000000095900000, 0x0000000095900000|100%| E|CS|TAMS 0x0000000095800000| PB 0x0000000095800000| Complete 
| 345|0x0000000095900000, 0x0000000095a00000, 0x0000000095a00000|100%| E|CS|TAMS 0x0000000095900000| PB 0x0000000095900000| Complete 
| 346|0x0000000095a00000, 0x0000000095b00000, 0x0000000095b00000|100%| E|CS|TAMS 0x0000000095a00000| PB 0x0000000095a00000| Complete 
| 347|0x0000000095b00000, 0x0000000095c00000, 0x0000000095c00000|100%| E|CS|TAMS 0x0000000095b00000| PB 0x0000000095b00000| Complete 
| 348|0x0000000095c00000, 0x0000000095d00000, 0x0000000095d00000|100%| E|CS|TAMS 0x0000000095c00000| PB 0x0000000095c00000| Complete 
| 349|0x0000000095d00000, 0x0000000095e00000, 0x0000000095e00000|100%| E|CS|TAMS 0x0000000095d00000| PB 0x0000000095d00000| Complete 
| 350|0x0000000095e00000, 0x0000000095f00000, 0x0000000095f00000|100%| E|CS|TAMS 0x0000000095e00000| PB 0x0000000095e00000| Complete 
| 351|0x0000000095f00000, 0x0000000096000000, 0x0000000096000000|100%| E|CS|TAMS 0x0000000095f00000| PB 0x0000000095f00000| Complete 
| 352|0x0000000096000000, 0x0000000096100000, 0x0000000096100000|100%| E|CS|TAMS 0x0000000096000000| PB 0x0000000096000000| Complete 
| 353|0x0000000096100000, 0x0000000096200000, 0x0000000096200000|100%| E|CS|TAMS 0x0000000096100000| PB 0x0000000096100000| Complete 
| 354|0x0000000096200000, 0x0000000096300000, 0x0000000096300000|100%| E|CS|TAMS 0x0000000096200000| PB 0x0000000096200000| Complete 
| 355|0x0000000096300000, 0x0000000096400000, 0x0000000096400000|100%| E|CS|TAMS 0x0000000096300000| PB 0x0000000096300000| Complete 
| 356|0x0000000096400000, 0x0000000096500000, 0x0000000096500000|100%| E|CS|TAMS 0x0000000096400000| PB 0x0000000096400000| Complete 
| 357|0x0000000096500000, 0x0000000096600000, 0x0000000096600000|100%| E|CS|TAMS 0x0000000096500000| PB 0x0000000096500000| Complete 
| 358|0x0000000096600000, 0x0000000096700000, 0x0000000096700000|100%| E|CS|TAMS 0x0000000096600000| PB 0x0000000096600000| Complete 
| 359|0x0000000096700000, 0x0000000096800000, 0x0000000096800000|100%| E|CS|TAMS 0x0000000096700000| PB 0x0000000096700000| Complete 
| 360|0x0000000096800000, 0x0000000096900000, 0x0000000096900000|100%| E|CS|TAMS 0x0000000096800000| PB 0x0000000096800000| Complete 
| 361|0x0000000096900000, 0x0000000096a00000, 0x0000000096a00000|100%| E|CS|TAMS 0x0000000096900000| PB 0x0000000096900000| Complete 
| 362|0x0000000096a00000, 0x0000000096b00000, 0x0000000096b00000|100%| E|CS|TAMS 0x0000000096a00000| PB 0x0000000096a00000| Complete 
| 363|0x0000000096b00000, 0x0000000096c00000, 0x0000000096c00000|100%| E|CS|TAMS 0x0000000096b00000| PB 0x0000000096b00000| Complete 
| 364|0x0000000096c00000, 0x0000000096d00000, 0x0000000096d00000|100%| E|CS|TAMS 0x0000000096c00000| PB 0x0000000096c00000| Complete 
| 365|0x0000000096d00000, 0x0000000096e00000, 0x0000000096e00000|100%| E|CS|TAMS 0x0000000096d00000| PB 0x0000000096d00000| Complete 
| 366|0x0000000096e00000, 0x0000000096f00000, 0x0000000096f00000|100%| E|CS|TAMS 0x0000000096e00000| PB 0x0000000096e00000| Complete 
| 367|0x0000000096f00000, 0x0000000097000000, 0x0000000097000000|100%| E|CS|TAMS 0x0000000096f00000| PB 0x0000000096f00000| Complete 
| 368|0x0000000097000000, 0x0000000097100000, 0x0000000097100000|100%| E|CS|TAMS 0x0000000097000000| PB 0x0000000097000000| Complete 
| 369|0x0000000097100000, 0x0000000097200000, 0x0000000097200000|100%| E|CS|TAMS 0x0000000097100000| PB 0x0000000097100000| Complete 
| 370|0x0000000097200000, 0x0000000097300000, 0x0000000097300000|100%| E|CS|TAMS 0x0000000097200000| PB 0x0000000097200000| Complete 
| 371|0x0000000097300000, 0x0000000097400000, 0x0000000097400000|100%| E|CS|TAMS 0x0000000097300000| PB 0x0000000097300000| Complete 
| 372|0x0000000097400000, 0x0000000097500000, 0x0000000097500000|100%| E|CS|TAMS 0x0000000097400000| PB 0x0000000097400000| Complete 
| 373|0x0000000097500000, 0x0000000097600000, 0x0000000097600000|100%| E|CS|TAMS 0x0000000097500000| PB 0x0000000097500000| Complete 
| 374|0x0000000097600000, 0x0000000097700000, 0x0000000097700000|100%| E|CS|TAMS 0x0000000097600000| PB 0x0000000097600000| Complete 
| 375|0x0000000097700000, 0x0000000097800000, 0x0000000097800000|100%| E|CS|TAMS 0x0000000097700000| PB 0x0000000097700000| Complete 
| 376|0x0000000097800000, 0x0000000097900000, 0x0000000097900000|100%| E|CS|TAMS 0x0000000097800000| PB 0x0000000097800000| Complete 
| 377|0x0000000097900000, 0x0000000097a00000, 0x0000000097a00000|100%| E|CS|TAMS 0x0000000097900000| PB 0x0000000097900000| Complete 
| 378|0x0000000097a00000, 0x0000000097b00000, 0x0000000097b00000|100%| E|CS|TAMS 0x0000000097a00000| PB 0x0000000097a00000| Complete 
| 379|0x0000000097b00000, 0x0000000097c00000, 0x0000000097c00000|100%| E|CS|TAMS 0x0000000097b00000| PB 0x0000000097b00000| Complete 
| 380|0x0000000097c00000, 0x0000000097d00000, 0x0000000097d00000|100%| E|CS|TAMS 0x0000000097c00000| PB 0x0000000097c00000| Complete 
| 381|0x0000000097d00000, 0x0000000097e00000, 0x0000000097e00000|100%| E|CS|TAMS 0x0000000097d00000| PB 0x0000000097d00000| Complete 
| 382|0x0000000097e00000, 0x0000000097f00000, 0x0000000097f00000|100%| E|CS|TAMS 0x0000000097e00000| PB 0x0000000097e00000| Complete 
|2045|0x00000000ffd00000, 0x00000000ffe00000, 0x00000000ffe00000|100%| E|CS|TAMS 0x00000000ffd00000| PB 0x00000000ffd00000| Complete 
|2046|0x00000000ffe00000, 0x00000000fff00000, 0x00000000fff00000|100%| E|CS|TAMS 0x00000000ffe00000| PB 0x00000000ffe00000| Complete 
|2047|0x00000000fff00000, 0x0000000100000000, 0x0000000100000000|100%| E|CS|TAMS 0x00000000fff00000| PB 0x00000000fff00000| Complete 

Card table byte_map: [0x00000225c9760000,0x00000225c9b60000] _byte_map_base: 0x00000225c9360000

Marking Bits: (CMBitMap*) 0x00000225b4d1e670
 Bits: [0x00000225c9b60000, 0x00000225cbb60000)

Polling page: 0x00000225b4d60000

Metaspace:

Usage:
  Non-class:    189.81 MB used.
      Class:     29.12 MB used.
       Both:    218.94 MB used.

Virtual space:
  Non-class space:      192.00 MB reserved,     191.19 MB (>99%) committed,  3 nodes.
      Class space:        1.00 GB reserved,      30.44 MB (  3%) committed,  1 nodes.
             Both:        1.19 GB reserved,     221.62 MB ( 18%) committed. 

Chunk freelists:
   Non-Class:  815.00 KB
       Class:  1.42 MB
        Both:  2.21 MB

MaxMetaspaceSize: unlimited
CompressedClassSpaceSize: 1.00 GB
Initial GC threshold: 21.00 MB
Current GC threshold: 366.25 MB
CDS: off
 - commit_granule_bytes: 65536.
 - commit_granule_words: 8192.
 - virtual_space_node_default_size: 8388608.
 - enlarge_chunks_in_place: 1.
 - use_allocation_guard: 0.


Internal statistics:

num_allocs_failed_limit: 9.
num_arena_births: 5318.
num_arena_deaths: 36.
num_vsnodes_births: 4.
num_vsnodes_deaths: 0.
num_space_committed: 3556.
num_space_uncommitted: 10.
num_chunks_returned_to_freelist: 134.
num_chunks_taken_from_freelist: 14492.
num_chunk_merges: 37.
num_chunk_splits: 9925.
num_chunks_enlarged: 6887.
num_inconsistent_stats: 0.

CodeHeap 'non-profiled nmethods': size=120000Kb used=16363Kb max_used=16363Kb free=103636Kb
 bounds [0x00000225c1b00000, 0x00000225c2b00000, 0x00000225c9030000]
CodeHeap 'profiled nmethods': size=120000Kb used=41265Kb max_used=41265Kb free=78734Kb
 bounds [0x00000225ba030000, 0x00000225bc8e0000, 0x00000225c1560000]
CodeHeap 'non-nmethods': size=5760Kb used=3667Kb max_used=3736Kb free=2093Kb
 bounds [0x00000225c1560000, 0x00000225c1930000, 0x00000225c1b00000]
CodeCache: size=245760Kb, used=61295Kb, max_used=61364Kb, free=184463Kb
 total_blobs=21416, nmethods=20099, adapters=1219, full_count=0
Compilation: enabled, stopped_count=0, restarted_count=0

Compilation events (20 events):
Event: 284.144 Thread 0x00000225ce71eb10 30741       3       org.gradle.api.internal.artifacts.repositories.transport.RepositoryTransportFactory::getRegisteredProtocols (55 bytes)
Event: 284.144 Thread 0x00000225ce71eb10 nmethod 30741 0x00000225bb922c90 code [0x00000225bb922ee0, 0x00000225bb923648]
Event: 284.167 Thread 0x00000225ce71a000 nmethod 30740 0x00000225c2af7d90 code [0x00000225c2af8100, 0x00000225c2af99c0]
Event: 284.167 Thread 0x00000225ce71a000 30743       4       com.google.common.collect.Sets::union (24 bytes)
Event: 284.167 Thread 0x00000225ce71eb10 30745       3       org.gradle.internal.snapshot.impl.IntegerValueSnapshot::isolate (5 bytes)
Event: 284.168 Thread 0x00000225ce71eb10 nmethod 30745 0x00000225bbc1f610 code [0x00000225bbc1f7c0, 0x00000225bbc1f9a0]
Event: 284.168 Thread 0x00000225ce71a000 nmethod 30743 0x00000225c26cea10 code [0x00000225c26ceba0, 0x00000225c26cecc0]
Event: 284.168 Thread 0x00000225ce71a000 30744       4       org.gradle.api.internal.artifacts.DefaultModuleVersionIdentifier::<init> (51 bytes)
Event: 284.171 Thread 0x00000225ce71a000 nmethod 30744 0x00000225c2937490 code [0x00000225c2937640, 0x00000225c29379e8]
Event: 284.171 Thread 0x00000225ce71a000 30746       4       com.esotericsoftware.kryo.io.Input::readUtf8_slow (255 bytes)
Event: 284.172 Thread 0x00000225ce71eb10 30747       3       org.gradle.api.internal.artifacts.capability.DefaultSpecificCapabilitySelector::hashCode (23 bytes)
Event: 284.172 Thread 0x00000225ce71eb10 nmethod 30747 0x00000225bc579b90 code [0x00000225bc579d80, 0x00000225bc57a158]
Event: 284.177 Thread 0x00000225ce71a000 nmethod 30746 0x00000225c2afab90 code [0x00000225c2afada0, 0x00000225c2afb4a0]
Event: 284.177 Thread 0x00000225ce71a000 30748       4       com.google.common.collect.ImmutableSet$CachingAsList::asList (21 bytes)
Event: 284.179 Thread 0x00000225ce71a000 nmethod 30748 0x00000225c2936f90 code [0x00000225c2937120, 0x00000225c29372b8]
Event: 284.179 Thread 0x00000225ce71a000 30750       4       org.gradle.api.internal.attributes.DefaultAttributesFactory$$Lambda/0x00000001007af088::apply (24 bytes)
Event: 284.193 Thread 0x00000225ce71eb10 30752       3       com.esotericsoftware.kryo.io.Input::readUtf8Length_slow (163 bytes)
Event: 284.200 Thread 0x00000225ce71eb10 nmethod 30752 0x00000225bc5db390 code [0x00000225bc5db580, 0x00000225bc5db9e8]
Event: 284.200 Thread 0x00000225ce71eb10 30753       3       java.util.HashMap$KeySpliterator::characteristics (30 bytes)
Event: 284.200 Thread 0x00000225ce71eb10 nmethod 30753 0x00000225bbb81a90 code [0x00000225bbb81c40, 0x00000225bbb81de0]

GC Heap History (20 events):
Event: 87.343 GC heap before
{Heap before GC invocations=67 (full 0):
 garbage-first heap   total 336896K, used 290185K [0x0000000080000000, 0x0000000100000000)
  region size 1024K, 93 young (95232K), 8 survivors (8192K)
 Metaspace       used 197420K, committed 200000K, reserved 1245184K
  class space    used 26045K, committed 27328K, reserved 1048576K
}
Event: 87.356 GC heap after
{Heap after GC invocations=68 (full 0):
 garbage-first heap   total 336896K, used 224012K [0x0000000080000000, 0x0000000100000000)
  region size 1024K, 12 young (12288K), 12 survivors (12288K)
 Metaspace       used 197420K, committed 200000K, reserved 1245184K
  class space    used 26045K, committed 27328K, reserved 1048576K
}
Event: 99.106 GC heap before
{Heap before GC invocations=68 (full 0):
 garbage-first heap   total 336896K, used 301836K [0x0000000080000000, 0x0000000100000000)
  region size 1024K, 89 young (91136K), 12 survivors (12288K)
 Metaspace       used 199049K, committed 201664K, reserved 1245184K
  class space    used 26225K, committed 27520K, reserved 1048576K
}
Event: 99.123 GC heap after
{Heap after GC invocations=69 (full 0):
 garbage-first heap   total 336896K, used 224768K [0x0000000080000000, 0x0000000100000000)
  region size 1024K, 12 young (12288K), 12 survivors (12288K)
 Metaspace       used 199049K, committed 201664K, reserved 1245184K
  class space    used 26225K, committed 27520K, reserved 1048576K
}
Event: 100.098 GC heap before
{Heap before GC invocations=69 (full 0):
 garbage-first heap   total 336896K, used 300544K [0x0000000080000000, 0x0000000100000000)
  region size 1024K, 87 young (89088K), 12 survivors (12288K)
 Metaspace       used 205687K, committed 208320K, reserved 1245184K
  class space    used 27270K, committed 28544K, reserved 1048576K
}
Event: 100.109 GC heap after
{Heap after GC invocations=70 (full 0):
 garbage-first heap   total 336896K, used 232170K [0x0000000080000000, 0x0000000100000000)
  region size 1024K, 7 young (7168K), 7 survivors (7168K)
 Metaspace       used 205687K, committed 208320K, reserved 1245184K
  class space    used 27270K, committed 28544K, reserved 1048576K
}
Event: 100.790 GC heap before
{Heap before GC invocations=71 (full 0):
 garbage-first heap   total 388096K, used 305898K [0x0000000080000000, 0x0000000100000000)
  region size 1024K, 80 young (81920K), 7 survivors (7168K)
 Metaspace       used 214437K, committed 217088K, reserved 1245184K
  class space    used 28762K, committed 30080K, reserved 1048576K
}
Event: 100.798 GC heap after
{Heap after GC invocations=72 (full 0):
 garbage-first heap   total 388096K, used 236272K [0x0000000080000000, 0x0000000100000000)
  region size 1024K, 4 young (4096K), 4 survivors (4096K)
 Metaspace       used 214437K, committed 217088K, reserved 1245184K
  class space    used 28762K, committed 30080K, reserved 1048576K
}
Event: 101.237 GC heap before
{Heap before GC invocations=72 (full 0):
 garbage-first heap   total 388096K, used 345840K [0x0000000080000000, 0x0000000100000000)
  region size 1024K, 111 young (113664K), 4 survivors (4096K)
 Metaspace       used 216508K, committed 219136K, reserved 1245184K
  class space    used 28926K, committed 30208K, reserved 1048576K
}
Event: 101.252 GC heap after
{Heap after GC invocations=73 (full 0):
 garbage-first heap   total 388096K, used 220581K [0x0000000080000000, 0x0000000100000000)
  region size 1024K, 5 young (5120K), 5 survivors (5120K)
 Metaspace       used 216508K, committed 219136K, reserved 1245184K
  class space    used 28926K, committed 30208K, reserved 1048576K
}
Event: 101.730 GC heap before
{Heap before GC invocations=73 (full 0):
 garbage-first heap   total 388096K, used 354725K [0x0000000080000000, 0x0000000100000000)
  region size 1024K, 137 young (140288K), 5 survivors (5120K)
 Metaspace       used 219098K, committed 221760K, reserved 1245184K
  class space    used 29284K, committed 30592K, reserved 1048576K
}
Event: 101.735 GC heap after
{Heap after GC invocations=74 (full 0):
 garbage-first heap   total 388096K, used 222208K [0x0000000080000000, 0x0000000100000000)
  region size 1024K, 6 young (6144K), 6 survivors (6144K)
 Metaspace       used 219098K, committed 221760K, reserved 1245184K
  class space    used 29284K, committed 30592K, reserved 1048576K
}
Event: 211.052 GC heap before
{Heap before GC invocations=75 (full 0):
 garbage-first heap   total 388096K, used 381952K [0x0000000080000000, 0x0000000100000000)
  region size 1024K, 142 young (145408K), 6 survivors (6144K)
 Metaspace       used 221839K, committed 224448K, reserved 1245184K
  class space    used 29709K, committed 30976K, reserved 1048576K
}
Event: 211.060 GC heap after
{Heap after GC invocations=76 (full 0):
 garbage-first heap   total 395264K, used 227582K [0x0000000080000000, 0x0000000100000000)
  region size 1024K, 12 young (12288K), 12 survivors (12288K)
 Metaspace       used 221839K, committed 224448K, reserved 1245184K
  class space    used 29709K, committed 30976K, reserved 1048576K
}
Event: 212.441 GC heap before
{Heap before GC invocations=76 (full 0):
 garbage-first heap   total 395264K, used 360702K [0x0000000080000000, 0x0000000100000000)
  region size 1024K, 143 young (146432K), 12 survivors (12288K)
 Metaspace       used 222244K, committed 224960K, reserved 1245184K
  class space    used 29713K, committed 31040K, reserved 1048576K
}
Event: 212.464 GC heap after
{Heap after GC invocations=77 (full 0):
 garbage-first heap   total 395264K, used 234523K [0x0000000080000000, 0x0000000100000000)
  region size 1024K, 18 young (18432K), 18 survivors (18432K)
 Metaspace       used 222244K, committed 224960K, reserved 1245184K
  class space    used 29713K, committed 31040K, reserved 1048576K
}
Event: 212.476 GC heap before
{Heap before GC invocations=77 (full 0):
 garbage-first heap   total 395264K, used 235547K [0x0000000080000000, 0x0000000100000000)
  region size 1024K, 20 young (20480K), 18 survivors (18432K)
 Metaspace       used 222254K, committed 224960K, reserved 1245184K
  class space    used 29713K, committed 31040K, reserved 1048576K
}
Event: 212.487 GC heap after
{Heap after GC invocations=78 (full 0):
 garbage-first heap   total 395264K, used 238710K [0x0000000080000000, 0x0000000100000000)
  region size 1024K, 3 young (3072K), 3 survivors (3072K)
 Metaspace       used 222254K, committed 224960K, reserved 1245184K
  class space    used 29713K, committed 31040K, reserved 1048576K
}
Event: 214.718 GC heap before
{Heap before GC invocations=79 (full 0):
 garbage-first heap   total 395264K, used 364662K [0x0000000080000000, 0x0000000100000000)
  region size 1024K, 128 young (131072K), 3 survivors (3072K)
 Metaspace       used 223931K, committed 226624K, reserved 1245184K
  class space    used 29819K, committed 31168K, reserved 1048576K
}
Event: 214.732 GC heap after
{Heap after GC invocations=80 (full 0):
 garbage-first heap   total 395264K, used 258796K [0x0000000080000000, 0x0000000100000000)
  region size 1024K, 16 young (16384K), 16 survivors (16384K)
 Metaspace       used 223931K, committed 226624K, reserved 1245184K
  class space    used 29819K, committed 31168K, reserved 1048576K
}

Dll operation events (5 events):
Event: 0.013 Loaded shared library C:\Program Files\Android\Android Studio\jbr\bin\java.dll
Event: 0.017 Loaded shared library C:\Program Files\Android\Android Studio\jbr\bin\zip.dll
Event: 0.425 Loaded shared library C:\Program Files\Android\Android Studio\jbr\bin\verify.dll
Event: 86.752 Unloaded dll "C:\Users\sushe\AppData\Local\Temp\sqlite-3.41.2.2-d71bfbec-b231-4af3-973e-80c32d8a9723-sqlitejdbc.dll" [0x00007ff973620000]
Event: 101.976 Unloaded dll "C:\Users\sushe\AppData\Local\Temp\sqlite-3.41.2.2-e2cb8d69-4d1a-40d9-9ae7-b4645e3da74f-sqlitejdbc.dll" [0x00007ff973620000]

Deoptimization events (20 events):
Event: 214.951 Thread 0x00000225db1e38f0 Uncommon trap: trap_request=0xffffffbe fr.pc=0x00000225c22990ac relative=0x00000000000007ac
Event: 214.951 Thread 0x00000225db1e38f0 Uncommon trap: reason=profile_predicate action=maybe_recompile pc=0x00000225c22990ac method=java.math.BigInteger.montReduce([I[III)[I @ 56 c2
Event: 214.951 Thread 0x00000225db1e38f0 DEOPT PACKING pc=0x00000225c22990ac sp=0x000000ad919fcc20
Event: 214.951 Thread 0x00000225db1e38f0 DEOPT UNPACKING pc=0x00000225c15b7da2 sp=0x000000ad919fcbe8 mode 2
Event: 214.952 Thread 0x00000225db1e38f0 Uncommon trap: trap_request=0xffffffbe fr.pc=0x00000225c22990ac relative=0x00000000000007ac
Event: 214.952 Thread 0x00000225db1e38f0 Uncommon trap: reason=profile_predicate action=maybe_recompile pc=0x00000225c22990ac method=java.math.BigInteger.montReduce([I[III)[I @ 56 c2
Event: 214.952 Thread 0x00000225db1e38f0 DEOPT PACKING pc=0x00000225c22990ac sp=0x000000ad919fcc20
Event: 214.952 Thread 0x00000225db1e38f0 DEOPT UNPACKING pc=0x00000225c15b7da2 sp=0x000000ad919fcbe8 mode 2
Event: 214.966 Thread 0x00000225eb371000 Uncommon trap: trap_request=0xffffffde fr.pc=0x00000225c254911c relative=0x000000000000123c
Event: 214.966 Thread 0x00000225eb371000 Uncommon trap: reason=class_check action=maybe_recompile pc=0x00000225c254911c method=com.google.common.collect.ImmutableMap.copyOf(Ljava/util/Map;)Lcom/google/common/collect/ImmutableMap; @ 15 c2
Event: 214.966 Thread 0x00000225eb371000 DEOPT PACKING pc=0x00000225c254911c sp=0x000000ad8ccfb9c0
Event: 214.966 Thread 0x00000225eb371000 DEOPT UNPACKING pc=0x00000225c15b7da2 sp=0x000000ad8ccfb9f0 mode 2
Event: 215.021 Thread 0x00000225d90f1670 Uncommon trap: trap_request=0xffffffc6 fr.pc=0x00000225c2362638 relative=0x0000000000000c18
Event: 215.021 Thread 0x00000225d90f1670 Uncommon trap: reason=bimorphic_or_optimized_type_check action=maybe_recompile pc=0x00000225c2362638 method=java.util.HashMap.removeNode(ILjava/lang/Object;Ljava/lang/Object;ZZ)Ljava/util/HashMap$Node; @ 143 c2
Event: 215.021 Thread 0x00000225d90f1670 DEOPT PACKING pc=0x00000225c2362638 sp=0x000000ad880fbc90
Event: 215.021 Thread 0x00000225d90f1670 DEOPT UNPACKING pc=0x00000225c15b7da2 sp=0x000000ad880fbc28 mode 2
Event: 274.735 Thread 0x00000225ce6bb5d0 Uncommon trap: trap_request=0xffffff45 fr.pc=0x00000225c2650040 relative=0x00000000000001e0
Event: 274.735 Thread 0x00000225ce6bb5d0 Uncommon trap: reason=unstable_if action=reinterpret pc=0x00000225c2650040 method=java.lang.ref.ReferenceQueue.remove0(J)Ljava/lang/ref/Reference; @ 27 c2
Event: 274.735 Thread 0x00000225ce6bb5d0 DEOPT PACKING pc=0x00000225c2650040 sp=0x000000ad876feee0
Event: 274.735 Thread 0x00000225ce6bb5d0 DEOPT UNPACKING pc=0x00000225c15b7da2 sp=0x000000ad876fee70 mode 2

Classes loaded (20 events):
Event: 102.698 Loading class java/util/concurrent/ForkJoinTask$InterruptibleTask done
Event: 102.698 Loading class java/util/concurrent/ForkJoinTask$AdaptedInterruptibleCallable done
Event: 102.703 Loading class java/util/zip/Deflater
Event: 102.703 Loading class java/util/zip/Deflater done
Event: 102.704 Loading class java/util/zip/Deflater$DeflaterZStreamRef
Event: 102.704 Loading class java/util/zip/Deflater$DeflaterZStreamRef done
Event: 102.719 Loading class java/nio/BufferOverflowException
Event: 102.719 Loading class java/nio/BufferOverflowException done
Event: 102.722 Loading class java/security/DigestException
Event: 102.722 Loading class java/security/DigestException done
Event: 102.740 Loading class java/util/concurrent/ForkJoinTask$AdaptedInterruptibleRunnable
Event: 102.740 Loading class java/util/concurrent/ForkJoinTask$AdaptedInterruptibleRunnable done
Event: 102.740 Loading class java/util/concurrent/CountedCompleter
Event: 102.742 Loading class java/util/concurrent/CountedCompleter done
Event: 102.807 Loading class sun/security/rsa/RSACore$BlindingParameters
Event: 102.808 Loading class sun/security/rsa/RSACore$BlindingParameters done
Event: 102.819 Loading class sun/security/rsa/RSACore$BlindingRandomPair
Event: 102.819 Loading class sun/security/rsa/RSACore$BlindingRandomPair done
Event: 213.073 Loading class java/nio/channels/NonWritableChannelException
Event: 213.074 Loading class java/nio/channels/NonWritableChannelException done

Classes unloaded (20 events):
Event: 101.958 Thread 0x00000225ce5bf510 Unloading class 0x00000001017e19a0 'androidx/room/compiler/processing/ksp/KspProcessingEnv'
Event: 101.958 Thread 0x00000225ce5bf510 Unloading class 0x00000001017e1770 'androidx/room/compiler/processing/XProcessingEnv'
Event: 101.958 Thread 0x00000225ce5bf510 Unloading class 0x00000001017e14f8 'androidx/room/compiler/processing/ksp/KspBasicAnnotationProcessor$DelegateLogger'
Event: 101.958 Thread 0x00000225ce5bf510 Unloading class 0x00000001017e1050 'androidx/room/processor/Context$BooleanProcessorOptions'
Event: 101.958 Thread 0x00000225ce5bf510 Unloading class 0x00000001017e0e10 'androidx/room/compiler/processing/XProcessingEnvConfig$Builder'
Event: 101.958 Thread 0x00000225ce5bf510 Unloading class 0x00000001017e0bd8 'androidx/room/compiler/processing/XProcessingEnvConfig$Companion'
Event: 101.958 Thread 0x00000225ce5bf510 Unloading class 0x00000001017e09a0 'androidx/room/compiler/processing/XProcessingEnvConfig'
Event: 101.958 Thread 0x00000225ce5bf510 Unloading class 0x00000001017e0768 'androidx/room/DatabaseProcessingStep$Companion'
Event: 101.958 Thread 0x00000225ce5bf510 Unloading class 0x00000001017e04f0 'androidx/room/DatabaseProcessingStep'
Event: 101.958 Thread 0x00000225ce5bf510 Unloading class 0x00000001017e02c0 'androidx/room/compiler/processing/XProcessingStep'
Event: 101.958 Thread 0x00000225ce5bf510 Unloading class 0x00000001017e0000 'androidx/room/RoomKspProcessor'
Event: 101.958 Thread 0x00000225ce5bf510 Unloading class 0x0000000101aafc80 'androidx/room/compiler/processing/ksp/KspBasicAnnotationProcessor'
Event: 101.958 Thread 0x00000225ce5bf510 Unloading class 0x0000000101aafa50 'androidx/room/compiler/processing/XBasicAnnotationProcessor'
Event: 101.958 Thread 0x00000225ce5bf510 Unloading class 0x0000000101aaf800 'androidx/room/RoomKspProcessor$Provider'
Event: 212.690 Thread 0x00000225ce5bf510 Unloading class 0x0000000101d10400 'java/lang/invoke/LambdaForm$DMH+0x0000000101d10400'
Event: 212.690 Thread 0x00000225ce5bf510 Unloading class 0x0000000101c54000 'java/lang/invoke/LambdaForm$DMH+0x0000000101c54000'
Event: 212.690 Thread 0x00000225ce5bf510 Unloading class 0x0000000101c49400 'java/lang/invoke/LambdaForm$DMH+0x0000000101c49400'
Event: 212.690 Thread 0x00000225ce5bf510 Unloading class 0x0000000101c49000 'java/lang/invoke/LambdaForm$DMH+0x0000000101c49000'
Event: 212.690 Thread 0x00000225ce5bf510 Unloading class 0x0000000101c48800 'java/lang/invoke/LambdaForm$DMH+0x0000000101c48800'
Event: 212.690 Thread 0x00000225ce5bf510 Unloading class 0x0000000101c48400 'java/lang/invoke/LambdaForm$DMH+0x0000000101c48400'

Classes redefined (0 events):
No events

Internal exceptions (20 events):
Event: 215.003 Thread 0x00000225d90f1670 Exception <a 'sun/nio/fs/WindowsException'{0x0000000096240cf8}> (0x0000000096240cf8) 
thrown [s\src\hotspot\share\prims\jni.cpp, line 537]
Event: 215.007 Thread 0x00000225d90f1670 Exception <a 'sun/nio/fs/WindowsException'{0x00000000962630e0}> (0x00000000962630e0) 
thrown [s\src\hotspot\share\prims\jni.cpp, line 537]
Event: 215.007 Thread 0x00000225d94836b0 Exception <a 'sun/nio/fs/WindowsException'{0x00000000962a4128}> (0x00000000962a4128) 
thrown [s\src\hotspot\share\prims\jni.cpp, line 537]
Event: 215.102 Thread 0x00000225d9486b30 Exception <a 'sun/nio/fs/WindowsException'{0x00000000956a7310}> (0x00000000956a7310) 
thrown [s\src\hotspot\share\prims\jni.cpp, line 537]
Event: 215.102 Thread 0x00000225d9486b30 Exception <a 'sun/nio/fs/WindowsException'{0x00000000956a7e30}> (0x00000000956a7e30) 
thrown [s\src\hotspot\share\prims\jni.cpp, line 537]
Event: 215.102 Thread 0x00000225d9486b30 Exception <a 'sun/nio/fs/WindowsException'{0x00000000956a89b0}> (0x00000000956a89b0) 
thrown [s\src\hotspot\share\prims\jni.cpp, line 537]
Event: 215.103 Thread 0x00000225d9486b30 Exception <a 'sun/nio/fs/WindowsException'{0x00000000956b1260}> (0x00000000956b1260) 
thrown [s\src\hotspot\share\prims\jni.cpp, line 537]
Event: 215.103 Thread 0x00000225d9486b30 Exception <a 'sun/nio/fs/WindowsException'{0x00000000956b2008}> (0x00000000956b2008) 
thrown [s\src\hotspot\share\prims\jni.cpp, line 537]
Event: 215.103 Thread 0x00000225d9486b30 Exception <a 'sun/nio/fs/WindowsException'{0x00000000956b2b68}> (0x00000000956b2b68) 
thrown [s\src\hotspot\share\prims\jni.cpp, line 537]
Event: 215.103 Thread 0x00000225d9486b30 Exception <a 'sun/nio/fs/WindowsException'{0x00000000956b63d0}> (0x00000000956b63d0) 
thrown [s\src\hotspot\share\prims\jni.cpp, line 537]
Event: 215.103 Thread 0x00000225d9486b30 Exception <a 'sun/nio/fs/WindowsException'{0x00000000956b6ef8}> (0x00000000956b6ef8) 
thrown [s\src\hotspot\share\prims\jni.cpp, line 537]
Event: 215.103 Thread 0x00000225d9486b30 Exception <a 'sun/nio/fs/WindowsException'{0x00000000956b7a80}> (0x00000000956b7a80) 
thrown [s\src\hotspot\share\prims\jni.cpp, line 537]
Event: 215.103 Thread 0x00000225d9486b30 Exception <a 'sun/nio/fs/WindowsException'{0x00000000956bd578}> (0x00000000956bd578) 
thrown [s\src\hotspot\share\prims\jni.cpp, line 537]
Event: 284.072 Thread 0x00000225d9485e10 Exception <a 'sun/nio/fs/WindowsException'{0x0000000094d1b2b0}> (0x0000000094d1b2b0) 
thrown [s\src\hotspot\share\prims\jni.cpp, line 537]
Event: 284.073 Thread 0x00000225d9485e10 Exception <a 'sun/nio/fs/WindowsException'{0x0000000094d1c7b8}> (0x0000000094d1c7b8) 
thrown [s\src\hotspot\share\prims\jni.cpp, line 537]
Event: 284.073 Thread 0x00000225d9485e10 Exception <a 'sun/nio/fs/WindowsException'{0x0000000094d1dcb0}> (0x0000000094d1dcb0) 
thrown [s\src\hotspot\share\prims\jni.cpp, line 537]
Event: 284.073 Thread 0x00000225d9485e10 Exception <a 'sun/nio/fs/WindowsException'{0x0000000094d1f188}> (0x0000000094d1f188) 
thrown [s\src\hotspot\share\prims\jni.cpp, line 537]
Event: 284.109 Thread 0x00000225d9485e10 Exception <a 'sun/nio/fs/WindowsException'{0x0000000093726c68}> (0x0000000093726c68) 
thrown [s\src\hotspot\share\prims\jni.cpp, line 537]
Event: 284.110 Thread 0x00000225d9485e10 Exception <a 'sun/nio/fs/WindowsException'{0x0000000093728340}> (0x0000000093728340) 
thrown [s\src\hotspot\share\prims\jni.cpp, line 537]
Event: 284.110 Thread 0x00000225d9485e10 Exception <a 'sun/nio/fs/WindowsException'{0x000000009372a6a8}> (0x000000009372a6a8) 
thrown [s\src\hotspot\share\prims\jni.cpp, line 537]

ZGC Phase Switch (0 events):
No events

VM Operations (20 events):
Event: 212.855 Executing VM operation: G1PauseCleanup
Event: 212.856 Executing VM operation: G1PauseCleanup done
Event: 213.300 Executing VM operation: ICBufferFull
Event: 213.300 Executing VM operation: ICBufferFull done
Event: 214.702 Executing VM operation: ICBufferFull
Event: 214.703 Executing VM operation: ICBufferFull done
Event: 214.718 Executing VM operation: G1CollectForAllocation (G1 Evacuation Pause)
Event: 214.732 Executing VM operation: G1CollectForAllocation (G1 Evacuation Pause) done
Event: 214.837 Executing VM operation: ICBufferFull
Event: 214.837 Executing VM operation: ICBufferFull done
Event: 215.842 Executing VM operation: Cleanup
Event: 215.842 Executing VM operation: Cleanup done
Event: 240.736 Executing VM operation: HandshakeAllThreads (HandshakeForDeflation)
Event: 240.736 Executing VM operation: HandshakeAllThreads (HandshakeForDeflation) done
Event: 240.736 Executing VM operation: RendezvousGCThreads
Event: 240.736 Executing VM operation: RendezvousGCThreads done
Event: 243.738 Executing VM operation: Cleanup
Event: 243.738 Executing VM operation: Cleanup done
Event: 275.777 Executing VM operation: Cleanup
Event: 275.777 Executing VM operation: Cleanup done

Memory protections (0 events):
No events

Nmethod flushes (20 events):
Event: 212.712 Thread 0x00000225ce5bf510 flushing  nmethod 0x00000225bc00e610
Event: 212.712 Thread 0x00000225ce5bf510 flushing  nmethod 0x00000225bc00e990
Event: 212.712 Thread 0x00000225ce5bf510 flushing  nmethod 0x00000225bc00fe90
Event: 212.712 Thread 0x00000225ce5bf510 flushing  nmethod 0x00000225bc010790
Event: 212.712 Thread 0x00000225ce5bf510 flushing  nmethod 0x00000225bc010e10
Event: 212.712 Thread 0x00000225ce5bf510 flushing  nmethod 0x00000225bc012890
Event: 212.712 Thread 0x00000225ce5bf510 flushing  nmethod 0x00000225bc012e10
Event: 212.712 Thread 0x00000225ce5bf510 flushing  nmethod 0x00000225bc013210
Event: 212.712 Thread 0x00000225ce5bf510 flushing  nmethod 0x00000225bc549510
Event: 212.712 Thread 0x00000225ce5bf510 flushing  nmethod 0x00000225bc549f10
Event: 212.712 Thread 0x00000225ce5bf510 flushing  nmethod 0x00000225bc54a710
Event: 212.712 Thread 0x00000225ce5bf510 flushing  nmethod 0x00000225bc54ac10
Event: 212.712 Thread 0x00000225ce5bf510 flushing  nmethod 0x00000225bc54b190
Event: 212.712 Thread 0x00000225ce5bf510 flushing  nmethod 0x00000225bc578d90
Event: 212.712 Thread 0x00000225ce5bf510 flushing  nmethod 0x00000225bc579b90
Event: 212.712 Thread 0x00000225ce5bf510 flushing  nmethod 0x00000225bc579f10
Event: 212.712 Thread 0x00000225ce5bf510 flushing  nmethod 0x00000225bc57d510
Event: 212.712 Thread 0x00000225ce5bf510 flushing  nmethod 0x00000225bc57d890
Event: 212.712 Thread 0x00000225ce5bf510 flushing  nmethod 0x00000225bc57e890
Event: 212.712 Thread 0x00000225ce5bf510 flushing  nmethod 0x00000225bc57ff90

Events (20 events):
Event: 284.017 Thread 0x00000225d9482300 Thread added: 0x00000225d9485e10
Event: 284.019 Thread 0x00000225d9485e10 Thread added: 0x00000225d94871c0
Event: 284.020 Thread 0x00000225d9485e10 Thread added: 0x00000225d9483d40
Event: 284.020 Thread 0x00000225d9485e10 Thread added: 0x00000225d9487850
Event: 284.027 Thread 0x00000225d9485e10 Thread added: 0x00000225d9487ee0
Event: 284.029 Thread 0x00000225d9485e10 Thread added: 0x00000225d9488c00
Event: 284.040 Thread 0x00000225d9485e10 Thread added: 0x00000225d9488570
Event: 284.045 Thread 0x00000225d9485e10 Thread added: 0x00000225eb36c7d0
Event: 284.047 Thread 0x00000225d9485e10 Thread added: 0x00000225eb371000
Event: 284.053 Thread 0x00000225ce71eb10 Thread added: 0x00000225e2bd85e0
Event: 284.057 Thread 0x00000225d9485e10 Thread added: 0x00000225eb36db80
Event: 284.058 Thread 0x00000225d9485e10 Thread added: 0x00000225eb374480
Event: 284.058 Thread 0x00000225d9485e10 Thread added: 0x00000225eb3730d0
Event: 284.058 Thread 0x00000225d9485e10 Thread added: 0x00000225eb373df0
Event: 284.058 Thread 0x00000225d9485e10 Thread added: 0x00000225eb374b10
Event: 284.068 Thread 0x00000225d9485e10 Thread added: 0x00000225eb372a40
Event: 284.068 Thread 0x00000225d9485e10 Thread added: 0x00000225eb371690
Event: 284.068 Thread 0x00000225d9485e10 Thread added: 0x00000225eb3751a0
Event: 284.068 Thread 0x00000225d9485e10 Thread added: 0x00000225eb373760
Event: 284.068 Thread 0x00000225d9485e10 Thread added: 0x00000225eb371d20


Dynamic libraries:
0x00007ff60c850000 - 0x00007ff60c85a000 	C:\Program Files\Android\Android Studio\jbr\bin\java.exe
0x00007ffa0a700000 - 0x00007ffa0a966000 	C:\WINDOWS\SYSTEM32\ntdll.dll
0x00007ffa09110000 - 0x00007ffa091d9000 	C:\WINDOWS\System32\KERNEL32.DLL
0x00007ffa07ac0000 - 0x00007ffa07eba000 	C:\WINDOWS\System32\KERNELBASE.dll
0x00007ffa081b0000 - 0x00007ffa082fc000 	C:\WINDOWS\System32\ucrtbase.dll
0x00007ff9f2340000 - 0x00007ff9f2358000 	C:\Program Files\Android\Android Studio\jbr\bin\jli.dll
0x00007ff993040000 - 0x00007ff99305b000 	C:\Program Files\Android\Android Studio\jbr\bin\VCRUNTIME140.dll
0x00007ffa088e0000 - 0x00007ffa08aa7000 	C:\WINDOWS\System32\USER32.dll
0x00007ffa08180000 - 0x00007ffa081a7000 	C:\WINDOWS\System32\win32u.dll
0x00007ff9ecfe0000 - 0x00007ff9ed272000 	C:\WINDOWS\WinSxS\amd64_microsoft.windows.common-controls_6595b64144ccf1df_6.0.26100.8521_none_3e08b75ce33403b3\COMCTL32.dll
0x00007ffa0a530000 - 0x00007ffa0a55b000 	C:\WINDOWS\System32\GDI32.dll
0x00007ffa07990000 - 0x00007ffa07abb000 	C:\WINDOWS\System32\gdi32full.dll
0x00007ffa09050000 - 0x00007ffa090f9000 	C:\WINDOWS\System32\msvcrt.dll
0x00007ffa08300000 - 0x00007ffa083a3000 	C:\WINDOWS\System32\msvcp_win.dll
0x00007ffa092c0000 - 0x00007ffa092f2000 	C:\WINDOWS\System32\IMM32.DLL
0x00007ff97df20000 - 0x00007ff97df2c000 	C:\Program Files\Android\Android Studio\jbr\bin\vcruntime140_1.dll
0x00007ff973710000 - 0x00007ff97379d000 	C:\Program Files\Android\Android Studio\jbr\bin\msvcp140.dll
0x00007ff95da90000 - 0x00007ff95e726000 	C:\Program Files\Android\Android Studio\jbr\bin\server\jvm.dll
0x00007ffa0a3c0000 - 0x00007ffa0a476000 	C:\WINDOWS\System32\ADVAPI32.dll
0x00007ffa0a480000 - 0x00007ffa0a52a000 	C:\WINDOWS\System32\sechost.dll
0x00007ffa09ac0000 - 0x00007ffa09bd8000 	C:\WINDOWS\System32\RPCRT4.dll
0x00007ffa0a0d0000 - 0x00007ffa0a150000 	C:\WINDOWS\System32\WS2_32.dll
0x00007ffa077f0000 - 0x00007ffa0784e000 	C:\WINDOWS\SYSTEM32\POWRPROF.dll
0x00007ff9fd520000 - 0x00007ff9fd556000 	C:\WINDOWS\SYSTEM32\WINMM.dll
0x00007ffa00760000 - 0x00007ffa0076b000 	C:\WINDOWS\SYSTEM32\VERSION.dll
0x00007ffa077d0000 - 0x00007ffa077e4000 	C:\WINDOWS\SYSTEM32\UMPDC.dll
0x00007ffa06720000 - 0x00007ffa0673b000 	C:\WINDOWS\SYSTEM32\kernel.appcore.dll
0x00007ff97df10000 - 0x00007ff97df1a000 	C:\Program Files\Android\Android Studio\jbr\bin\jimage.dll
0x00007ffa04f80000 - 0x00007ffa051c2000 	C:\WINDOWS\SYSTEM32\DBGHELP.DLL
0x00007ffa09c40000 - 0x00007ffa09fc3000 	C:\WINDOWS\System32\combase.dll
0x00007ffa091e0000 - 0x00007ffa092b9000 	C:\WINDOWS\System32\OLEAUT32.dll
0x00007ff9e3da0000 - 0x00007ff9e3ddb000 	C:\WINDOWS\SYSTEM32\dbgcore.DLL
0x00007ffa080d0000 - 0x00007ffa08178000 	C:\WINDOWS\System32\bcryptPrimitives.dll
0x00007ff9f1f70000 - 0x00007ff9f1f7e000 	C:\Program Files\Android\Android Studio\jbr\bin\instrument.dll
0x00007ff967470000 - 0x00007ff967490000 	C:\Program Files\Android\Android Studio\jbr\bin\java.dll
0x00007ff966fa0000 - 0x00007ff966fb8000 	C:\Program Files\Android\Android Studio\jbr\bin\zip.dll
0x00007ffa09300000 - 0x00007ffa09a84000 	C:\WINDOWS\System32\SHELL32.dll
0x00007ffa05520000 - 0x00007ffa05da0000 	C:\WINDOWS\SYSTEM32\windows.storage.dll
0x00007ffa08ab0000 - 0x00007ffa08ba6000 	C:\WINDOWS\System32\SHCORE.dll
0x00007ffa08700000 - 0x00007ffa08767000 	C:\WINDOWS\System32\shlwapi.dll
0x00007ffa078b0000 - 0x00007ffa078d9000 	C:\WINDOWS\SYSTEM32\profapi.dll
0x00007ff976260000 - 0x00007ff976270000 	C:\Program Files\Android\Android Studio\jbr\bin\net.dll
0x00007ffa00520000 - 0x00007ffa00649000 	C:\WINDOWS\SYSTEM32\WINHTTP.dll
0x00007ffa06c90000 - 0x00007ffa06cfc000 	C:\WINDOWS\system32\mswsock.dll
0x00007ff964920000 - 0x00007ff964936000 	C:\Program Files\Android\Android Studio\jbr\bin\nio.dll
0x00007ffa043d0000 - 0x00007ffa043e0000 	C:\Program Files\Android\Android Studio\jbr\bin\verify.dll
0x00007ff9d2a80000 - 0x00007ff9d2aa7000 	C:\Users\sushe\.gradle\native\1def1411415f61bf3af743bc5b6707747c0891f09f0c88961ee8f79bc544acac\windows-amd64\native-platform.dll
0x00007ff9869d0000 - 0x00007ff986a48000 	C:\Users\sushe\.gradle\native\0.2.7\x86_64-windows-gnu\gradle-fileevents.dll
0x00007ffa003d0000 - 0x00007ffa003d9000 	C:\Program Files\Android\Android Studio\jbr\bin\management.dll
0x00007ffa003c0000 - 0x00007ffa003cb000 	C:\Program Files\Android\Android Studio\jbr\bin\management_ext.dll
0x00007ffa088d0000 - 0x00007ffa088d8000 	C:\WINDOWS\System32\PSAPI.DLL
0x00007ffa06190000 - 0x00007ffa061c3000 	C:\WINDOWS\SYSTEM32\IPHLPAPI.DLL
0x00007ffa08bb0000 - 0x00007ffa08bba000 	C:\WINDOWS\System32\NSI.dll
0x00007ffa043c0000 - 0x00007ffa043c9000 	C:\Program Files\Android\Android Studio\jbr\bin\extnet.dll
0x00007ffa06f70000 - 0x00007ffa06f8b000 	C:\WINDOWS\SYSTEM32\CRYPTSP.dll
0x00007ffa06680000 - 0x00007ffa066b9000 	C:\WINDOWS\system32\rsaenh.dll
0x00007ffa06d40000 - 0x00007ffa06d73000 	C:\WINDOWS\SYSTEM32\USERENV.dll
0x00007ffa07880000 - 0x00007ffa078aa000 	C:\WINDOWS\SYSTEM32\bcrypt.dll
0x00007ffa06f90000 - 0x00007ffa06f9c000 	C:\WINDOWS\SYSTEM32\CRYPTBASE.dll
0x00007ff998d60000 - 0x00007ff998d68000 	C:\WINDOWS\system32\wshunix.dll
0x00007ffa061d0000 - 0x00007ffa0631a000 	C:\WINDOWS\SYSTEM32\DNSAPI.dll
0x00007ffa06ab0000 - 0x00007ffa06abd000 	C:\WINDOWS\SYSTEM32\DSPARSE.dll
0x0000000057be0000 - 0x0000000057c06000 	C:\Program Files\Bonjour\mdnsNSP.dll
0x00007ffa00790000 - 0x00007ffa0079b000 	C:\Windows\System32\rasadhlp.dll
0x00007ffa015d0000 - 0x00007ffa01656000 	C:\WINDOWS\System32\fwpuclnt.dll
0x00007ff960c00000 - 0x00007ff960d98000 	C:\Program Files\Android\Android Studio\jbr\bin\awt.dll
0x00007ffa049a0000 - 0x00007ffa049cf000 	C:\WINDOWS\SYSTEM32\dwmapi.dll
0x00007ff9641e0000 - 0x00007ff964224000 	C:\Program Files\Android\Android Studio\jbr\bin\nvdaControllerClient64.dll
0x00007ffa04410000 - 0x00007ffa044b0000 	C:\WINDOWS\SYSTEM32\apphelp.dll
0x00007ffa046c0000 - 0x00007ffa0476a000 	C:\WINDOWS\system32\uxtheme.dll
0x00007ff9a7320000 - 0x00007ff9a7453000 	C:\ProgramData\A-Volute\A-Volute.Nahimic\Modules\Scheduled\x64\AudioDevProps2.dll
0x00007ffa0a160000 - 0x00007ffa0a2f8000 	C:\WINDOWS\System32\ole32.dll
0x00007ffa08770000 - 0x00007ffa088cd000 	C:\WINDOWS\System32\MSCTF.dll
0x00007ffa06840000 - 0x00007ffa06876000 	C:\WINDOWS\SYSTEM32\ntmarta.dll
0x00007ff9eb700000 - 0x00007ff9eb707000 	C:\Program Files\Android\Android Studio\jbr\bin\rmi.dll
0x00007ff9734f0000 - 0x00007ff9735d9000 	C:\Users\sushe\AppData\Local\Temp\sqlite-3.41.2.2-fa32060c-23dc-453e-976b-ff56a73d5a59-sqlitejdbc.dll

JVMTI agents:
C:\Users\sushe\.gradle\wrapper\dists\gradle-8.13-bin\5xuhj0ry160q40clulazy9h7d\gradle-8.13\lib\agents\gradle-instrumentation-agent-8.13.jar path:C:\Program Files\Android\Android Studio\jbr\bin\instrument.dll, loaded, initialized, instrumentlib options:none

dbghelp: loaded successfully - version: 4.0.5 - missing functions: none
symbol engine: initialized successfully - sym options: 0x614 - pdb path: .;C:\Program Files\Android\Android Studio\jbr\bin;C:\WINDOWS\SYSTEM32;C:\WINDOWS\WinSxS\amd64_microsoft.windows.common-controls_6595b64144ccf1df_6.0.26100.8521_none_3e08b75ce33403b3;C:\Program Files\Android\Android Studio\jbr\bin\server;C:\Users\sushe\.gradle\native\1def1411415f61bf3af743bc5b6707747c0891f09f0c88961ee8f79bc544acac\windows-amd64;C:\Users\sushe\.gradle\native\0.2.7\x86_64-windows-gnu;C:\Program Files\Bonjour;C:\ProgramData\A-Volute\A-Volute.Nahimic\Modules\Scheduled\x64;C:\Users\sushe\AppData\Local\Temp

VM Arguments:
jvm_args: --add-opens=java.base/java.lang=ALL-UNNAMED --add-opens=java.base/java.lang.invoke=ALL-UNNAMED --add-opens=java.base/java.util=ALL-UNNAMED --add-opens=java.prefs/java.util.prefs=ALL-UNNAMED --add-exports=jdk.compiler/com.sun.tools.javac.api=ALL-UNNAMED --add-exports=jdk.compiler/com.sun.tools.javac.util=ALL-UNNAMED --add-opens=java.base/java.util=ALL-UNNAMED --add-opens=java.prefs/java.util.prefs=ALL-UNNAMED --add-opens=java.base/java.nio.charset=ALL-UNNAMED --add-opens=java.base/java.net=ALL-UNNAMED --add-opens=java.base/java.util.concurrent.atomic=ALL-UNNAMED --add-opens=java.xml/javax.xml.namespace=ALL-UNNAMED -Xmx2048m -Dfile.encoding=UTF-8 -Duser.country=US -Duser.language=en -Duser.variant -javaagent:C:\Users\sushe\.gradle\wrapper\dists\gradle-8.13-bin\5xuhj0ry160q40clulazy9h7d\gradle-8.13\lib\agents\gradle-instrumentation-agent-8.13.jar 
java_command: org.gradle.launcher.daemon.bootstrap.GradleDaemon 8.13
java_class_path (initial): C:\Users\sushe\.gradle\wrapper\dists\gradle-8.13-bin\5xuhj0ry160q40clulazy9h7d\gradle-8.13\lib\gradle-daemon-main-8.13.jar
Launcher Type: SUN_STANDARD

[Global flags]
     intx CICompilerCount                          = 4                                         {product} {ergonomic}
     uint ConcGCThreads                            = 2                                         {product} {ergonomic}
     uint G1ConcRefinementThreads                  = 8                                         {product} {ergonomic}
   size_t G1HeapRegionSize                         = 1048576                                   {product} {ergonomic}
    uintx GCDrainStackTargetSize                   = 64                                        {product} {ergonomic}
   size_t InitialHeapSize                          = 266338304                                 {product} {ergonomic}
   size_t MarkStackSize                            = 4194304                                   {product} {ergonomic}
   size_t MaxHeapSize                              = 2147483648                                {product} {command line}
   size_t MaxNewSize                               = 1287651328                                {product} {ergonomic}
   size_t MinHeapDeltaBytes                        = 1048576                                   {product} {ergonomic}
   size_t MinHeapSize                              = 8388608                                   {product} {ergonomic}
    uintx NonNMethodCodeHeapSize                   = 5839372                                {pd product} {ergonomic}
    uintx NonProfiledCodeHeapSize                  = 122909434                              {pd product} {ergonomic}
    uintx ProfiledCodeHeapSize                     = 122909434                              {pd product} {ergonomic}
    uintx ReservedCodeCacheSize                    = 251658240                              {pd product} {ergonomic}
     bool SegmentedCodeCache                       = true                                      {product} {ergonomic}
   size_t SoftMaxHeapSize                          = 2147483648                             {manageable} {ergonomic}
     bool UseCompressedOops                        = true                           {product lp64_product} {ergonomic}
     bool UseG1GC                                  = true                                      {product} {ergonomic}
     bool UseLargePagesIndividualAllocation        = false                                  {pd product} {ergonomic}

Logging:
Log output configuration:
 #0: stdout all=warning uptime,level,tags foldmultilines=false
 #1: stderr all=off uptime,level,tags foldmultilines=false

Environment Variables:
JAVA_HOME=C:\Program Files\Java\jdk-17
PATH=C:\Python314\Scripts\;C:\Python314\;C:\Program Files\Common Files\Oracle\Java\javapath;C:\Windows\system32;C:\Windows;C:\Windows\System32\Wbem;C:\Windows\System32\WindowsPowerShell\v1.0\;C:\Windows\System32\OpenSSH\;C:\Program Files (x86)\NVIDIA Corporation\PhysX\Common;C:\Program Files\NVIDIA Corporation\NVIDIA NvDLISR;C:\WINDOWS\system32;C:\WINDOWS;C:\WINDOWS\System32\Wbem;C:\WINDOWS\System32\WindowsPowerShell\v1.0\;C:\WINDOWS\System32\OpenSSH\;C:\Program Files\Git\cmd;C:\Program Files\Java\jdk-17\bin;C:\Program Files\Cloudflare\Cloudflare WARP\;C:\ProgramData\chocolatey\bin;C:\Users\sushe\AppData\Local\nvm;C:\nvm4w\nodejs;%KAFAKA_HOME%\bin\windows;C:\Users\sushe\AppData\Local\Microsoft\WindowsApps;C:\Users\sushe\AppData\Local\GitHubDesktop\bin;C:\Users\sushe\AppData\Local\Programs\Microsoft VS Code\bin;C:\Users\sushe\AppData\Roaming\npm;C:\Users\sushe\AppData\Local\nvm;C:\nvm4w\nodejs;C:\ffmpeg\bin;C:\maven\bin;C:\maven\bin;kafka_2.13-4.3.0\bin;C:\Program Files\Java\jdk-17\bin\windows;
USERNAME=sushe
OS=Windows_NT
PROCESSOR_IDENTIFIER=Intel64 Family 6 Model 140 Stepping 1, GenuineIntel
TMP=C:\Users\sushe\AppData\Local\Temp
TEMP=C:\Users\sushe\AppData\Local\Temp




Periodic native trim disabled

JNI global refs:
JNI global refs: 40, weak refs: 16

JNI global refs memory usage: 835, weak refs: 833

Process memory usage:
Resident Set Size: 942376K (5% of 16555320K total physical memory with 491108K free physical memory)

OOME stack traces (most recent first):
Classloader memory used:
Loader org.gradle.internal.classloader.VisitableURLClassLoader$InstrumentingVisitableURLClassLoader: 65835K
Loader java.net.URLClassLoader                                                         : 53701K
Loader org.gradle.internal.classloader.VisitableURLClassLoader                         : 50248K
Loader bootstrap                                                                       : 37605K
Loader org.gradle.initialization.MixInLegacyTypesClassLoader                           : 14096K
Loader jdk.internal.reflect.DelegatingClassLoader                                      : 856K
Loader jdk.internal.loader.ClassLoaders$PlatformClassLoader                            : 855K
Loader jdk.internal.jrtfs.JrtFileSystemProvider$JrtFsLoader                            : 325K
Loader org.gradle.internal.classloader.VisitableURLClassLoader                         : 259K
Loader jdk.internal.loader.ClassLoaders$AppClassLoader                                 : 243K
Loader org.gradle.groovy.scripts.internal.DefaultScriptCompilationHandler$ScriptClassLoader: 136K
Loader org.codehaus.groovy.runtime.callsite.CallSiteClassLoader                        : 27624B
Loader sun.reflect.misc.MethodUtil                                                     : 2984B


[error occurred during error reporting (Classloader stats), id 0xe0000001, Out of Memory Error (s\src\hotspot\share\memory\arena.cpp:168)]
---------------  S Y S T E M  ---------------

OS:
 Windows 11 , 64 bit Build 26100 (10.0.26100.8521)
OS uptime: 0 days 22:08 hours
Hyper-V role detected

CPU: total 8 (initial active 8) (4 cores per cpu, 2 threads per core) family 6 model 140 stepping 1 microcode 0xaa, cx8, cmov, fxsr, ht, mmx, 3dnowpref, sse, sse2, sse3, ssse3, sse4.1, sse4.2, popcnt, lzcnt, tsc, tscinvbit, avx, avx2, aes, erms, clmul, bmi1, bmi2, adx, avx512f, avx512dq, avx512cd, avx512bw, avx512vl, sha, fma, vzeroupper, avx512_vpopcntdq, avx512_vpclmulqdq, avx512_vaes, avx512_vnni, clflush, clflushopt, clwb, avx512_vbmi2, avx512_vbmi, hv, rdtscp, rdpid, fsrm, gfni, avx512_bitalg, f16c, cet_ibt, cet_ss, avx512_ifma
Processor Information for the first 8 processors :
  Max Mhz: 3110, Current Mhz: 3110, Mhz Limit: 3110

Memory: 4k page, system-wide physical 16167M (469M free)
TotalPageFile size 25954M (AvailPageFile size 4M)
current process WorkingSet (physical memory assigned to process): 923M, peak: 937M
current process commit charge ("private bytes"): 952M, peak: 969M

vm_info: OpenJDK 64-Bit Server VM (21.0.8+-14196175-b1038.72) for windows-amd64 JRE (21.0.8+-14196175-b1038.72), built on 2025-10-01T10:24:33Z by "builder" with MS VC++ 16.10 / 16.11 (VS2019)

END.
